/*
Navicat MySQL Data Transfer

Source Server         : P7_DPW
Source Server Version : 50505
Source Host           : localhost:3306
Source Database       : db_goodhealth

Target Server Type    : MYSQL
Target Server Version : 50505
File Encoding         : 65001

Date: 2023-06-06 07:15:31
*/

SET FOREIGN_KEY_CHECKS=0;
-- ----------------------------
-- Table structure for `t_artikel`
-- ----------------------------
DROP TABLE IF EXISTS `t_artikel`;
CREATE TABLE `t_artikel` (
  `id_artikel` int(11) NOT NULL AUTO_INCREMENT,
  `foto_artikel` varchar(50) NOT NULL,
  `judul_artikel` varchar(50) NOT NULL,
  `id_jenis_artikel` int(11) NOT NULL,
  `ket_singkat` varchar(255) NOT NULL,
  `link_artikel` varchar(1000) NOT NULL,
  `isi_artikel` longtext NOT NULL,
  PRIMARY KEY (`id_artikel`),
  KEY `jenis_artikel` (`id_jenis_artikel`),
  CONSTRAINT `jenis_artikel` FOREIGN KEY (`id_jenis_artikel`) REFERENCES `t_jenis_artikel` (`id_jenis_artikel`)
) ENGINE=InnoDB AUTO_INCREMENT=32 DEFAULT CHARSET=utf8mb4 COLLATE=utf8mb4_general_ci;

-- ----------------------------
-- Records of t_artikel
-- ----------------------------
{
  INSERT INTO `t_artikel` VALUES ('23', 'senamkegel.jpg', 'Senam Kegel, Ketahui 8 Manfaat dan Cara Melakukann', '1', 'Senam Kegel mudah dan bisa dilakukan di mana saja, serta memberikan beragam manfaat. Gerakan dalam senam ini dapat mengencangkan otot panggul bawah, termasuk otot yang menyokong rahim, kandung kemih, dan usus besar.', 'https://www.alodokter.com/manfaat-dan-cara-melakukan-senam-kegel', '<p style=\"text-align: left;\"><span style=\"color: rgb(59, 55, 56); font-family: LatoWeb, sans-serif; font-size: 16px; font-style: normal; font-variant-ligatures: normal; font-variant-caps: normal; font-weight: 400; letter-spacing: normal; orphans: 2; text-align: start; text-indent: 0px; text-transform: none; white-space: normal; widows: 2; word-spacing: 0px; -webkit-text-stroke-width: 0px; text-decoration-thickness: initial; text-decoration-style: initial; text-decoration-color: initial; display: inline !important; float: none;\" id=\"isPasted\">Senam Kegel atau disebut juga senam pelatihan otot panggul bawah bermanfaat untuk memperbaiki kondisi yang dapat menurunkan fungsi dan kekuatan otot panggul bawah.</span></p><div style=\"margin-bottom: 25px; position: relative; color: rgb(59, 55, 56); font-family: LatoWeb, sans-serif; font-size: 16px; font-style: normal; font-variant-ligatures: normal; font-variant-caps: normal; font-weight: 400; letter-spacing: normal; orphans: 2; text-align: start; text-indent: 0px; text-transform: none; white-space: normal; widows: 2; word-spacing: 0px; -webkit-text-stroke-width: 0px; text-decoration-thickness: initial; text-decoration-style: initial; text-decoration-color: initial;\" id=\"isPasted\"><div data-id=\"576affb8abcdce1d71017f2b\" style=\"line-height: 1.75;\"><p style=\"font-size: 16px; margin: 10px 0px; text-align: left;\">Melemahnya otot panggul bawah dapat disebabkan oleh berbagai hal, mulai dari proses&nbsp;<a href=\"https://www.alodokter.com/bisakah-vagina-kembali-seperti-semula-setelah-melahirkan\" target=\"_blank\" style=\"text-decoration: none; color: rgb(53, 112, 210);\">persalinan</a>, penuaan, kelebihan berat badan, hingga operasi. Senam Kegel dapat dilakukan oleh pria maupun wanita.</p><h3 style=\"font-size: 17px; font-weight: bold; font-style: normal; font-stretch: normal; line-height: 1.32; letter-spacing: -0.3px; margin-top: 32px; margin-bottom: 0px; text-align: left;\"><strong>Beragam Manfaat Senam Kegel</strong></h3><p style=\"font-size: 16px; margin: 10px 0px; text-align: left;\">Senam Kegel dapat memperbaiki fungsi kandung kemih hingga mengencangkan vagina. Berikut ini adalah beberapa manfaat senam Kegel yang dapat Anda peroleh:</p><h4 style=\"font-size: 17px; font-weight: bold; font-style: normal; font-stretch: normal; line-height: 1.32; letter-spacing: -0.3px; margin-top: 32px; margin-bottom: 0px; text-align: left;\"><strong>1. Memperbaiki fungsi kandung kemih</strong></h4><p style=\"font-size: 16px; margin: 10px 0px; text-align: left;\">Seiring bertambahnya usia atau berat badan, otot-otot dasar panggul yang menopang kandung kemih dapat melemah. Kondisi ini bisa membuat Anda tidak sengaja mengeluarkan urine saat bersin, tertawa, atau batuk. Salah satu cara untuk memperkuat kembali otot-otot tersebut adalah dengan melakukan senam Kegel.</p><h4 style=\"font-size: 17px; font-weight: bold; font-style: normal; font-stretch: normal; line-height: 1.32; letter-spacing: -0.3px; margin-top: 32px; margin-bottom: 0px; text-align: left;\"><strong>2. Mencegah dan mengatasi gangguan buang air kecil</strong></h4><p style=\"font-size: 16px; margin: 10px 0px; text-align: left;\">Jika Anda memiliki frekuensi buang air kecil yang sering padahal tidak banyak mengonsumsi air putih, bisa jadi itu adalah tanda kandung kemih overaktif. Kondisi ini biasanya membuat Anda ingin terus buang air kecil.</p><p style=\"font-size: 16px; margin: 10px 0px; text-align: left;\">Untungnya, senam Kegel dapat mengatasi masalah tersebut dengan cara mengontrol otot panggul Anda.</p><h4 style=\"font-size: 17px; font-weight: bold; font-style: normal; font-stretch: normal; line-height: 1.32; letter-spacing: -0.3px; margin-top: 32px; margin-bottom: 0px; text-align: left;\"><strong>3. Mencegah permasalahan buang air besar</strong></h4><p style=\"font-size: 16px; margin: 10px 0px; text-align: left;\">Otot panggul berfungsi untuk menopang organ-organ, seperti kandung kemih,&nbsp;<a href=\"https://www.alodokter.com/mengetahui-anatomi-dan-fungsi-usus-besar\" target=\"_blank\" style=\"text-decoration: none; color: rgb(53, 112, 210);\">usus besar</a>, rahim, dan dubur. Oleh karena itu, senam Kegel bisa dilakukan untuk mengatasi gangguan pada organ tersebut, misalnya tidak bisa menahan buang air besar (<a href=\"https://www.alodokter.com/inkontinensia-tinja#:~:text=Inkontinensia%20tinja%20adalah%20kondisi%20ketika,bisa%20mengganggu%20kualitas%20hidup%20penderitanya.\" target=\"_blank\" style=\"text-decoration: none; color: rgb(53, 112, 210);\">inkontinensia tinja</a>).</p><p style=\"font-size: 16px; margin: 10px 0px; text-align: left;\">Dengan melakukan senam Kegel, otot yang bertugas sebagai katup dubur akan menjadi lebih kuat, sehingga meringankan keluhan inkontinensia tinja.</p><h4 style=\"font-size: 17px; font-weight: bold; font-style: normal; font-stretch: normal; line-height: 1.32; letter-spacing: -0.3px; margin-top: 32px; margin-bottom: 0px; text-align: left;\"><strong>4. Meningkatkan performa seksual pada pria</strong></h4><p style=\"font-size: 16px; margin: 10px 0px; text-align: left;\"><a href=\"https://www.alodokter.com/cara-senam-kegel-pria-ini-membuat-anda-kian-perkasa-di-ranjang-cinta\" target=\"_blank\" style=\"text-decoration: none; color: rgb(53, 112, 210);\">Senam Kegel</a> juga bermanfaat untuk meningkatkan performa seksual pada pria. Olahraga ini dapat mengencangkan otot panggul di sekitar penis, sehingga mampu mengatasi disfungsi&nbsp;<a href=\"https://www.alodokter.com/meneropong-anatomi-penis\" target=\"_blank\" style=\"text-decoration: none; color: rgb(53, 112, 210);\">ereksi</a> dan ejakulasi dini.</p><h4 style=\"font-size: 17px; font-weight: bold; font-style: normal; font-stretch: normal; line-height: 1.32; letter-spacing: -0.3px; margin-top: 32px; margin-bottom: 0px; text-align: left;\"><strong>5. Melancarkan proses persalinan</strong></h4><p style=\"font-size: 16px; margin: 10px 0px; text-align: left;\">Rutin melakukan senam Kegel selama hamil dapat memperkuat dan membuat otot panggul lebih lentur, sehingga dapat memudahkan pembukaan jalan lahir selama proses persalinan. Dengan begitu, proses persalinan pun menjadi lebih lancar.</p><h4 style=\"font-size: 17px; font-weight: bold; font-style: normal; font-stretch: normal; line-height: 1.32; letter-spacing: -0.3px; margin-top: 32px; margin-bottom: 0px; text-align: left;\"><strong>6. Mencegah rahim turun</strong></h4><p style=\"font-size: 16px; margin: 10px 0px; text-align: left;\">Senam Kegel juga dapat mencegah terjadinya&nbsp;<a href=\"https://www.alodokter.com/turun-peranakan\" target=\"_blank\" style=\"text-decoration: none; color: rgb(53, 112, 210);\">turun peranakan</a> atau prolaps uteri. Kondisi tersebut disebabkan oleh melemahnya otot panggul sehingga tidak kuat menopang rahim. Melakukan senam Kegel dapat memperkuat otot panggul sehingga mencegah terjadinya turun peranakan.</p><h4 style=\"font-size: 17px; font-weight: bold; font-style: normal; font-stretch: normal; line-height: 1.32; letter-spacing: -0.3px; margin-top: 32px; margin-bottom: 0px; text-align: left;\"><strong>7. Mengatasi keluhan pada ibu hami</strong>l</h4><p style=\"font-size: 16px; margin: 10px 0px; text-align: left;\">Melakukan senam Kegel secara teratur juga dapat meredakan atau mencegah berbagai masalah kehamilan, seperti:</p><ul><li style=\"text-align: left;\">Nyeri punggung bawah</li><li style=\"text-align: left;\">Sembelit atau sulit buang air besar</li><li style=\"text-align: left;\">Nyeri saat buang air kecil, buang air besar, dan berhubungan seksual</li><li style=\"text-align: left;\"><a href=\"https://www.alodokter.com/inkontinensia-tinja\" target=\"_blank\" style=\"text-decoration: none; color: rgb(53, 112, 210);\">Inkontinensia tinja</a> atau sulit mengendalikan keluarnya tinja</li></ul><h4 style=\"font-size: 17px; font-weight: bold; font-style: normal; font-stretch: normal; line-height: 1.32; letter-spacing: -0.3px; margin-top: 32px; margin-bottom: 0px; text-align: left;\"><strong>8. Mengencangkan vagina</strong></h4><p style=\"font-size: 16px; margin: 10px 0px; text-align: left;\">Persalinan atau pertambahan usia dapat membuat vagina menjadi lebih longgar. Namun, kondisi tersebut tidaklah permanen. Melakukan senam Kegel dapat mempercepat pengencangan vagina dengan cara memperkuat otot dasar panggul yang mengelilingi vagina.</p><h3 style=\"font-size: 17px; font-weight: bold; font-style: normal; font-stretch: normal; line-height: 1.32; letter-spacing: -0.3px; margin-top: 32px; margin-bottom: 0px; text-align: left;\"><strong>Cara Melakukan Senam Kegel</strong></h3><p style=\"font-size: 16px; margin: 10px 0px; text-align: left;\">Senam Kegel sangat mudah dan praktis dilakukan. Olahraga ini dapat dilakukan dalam posisi duduk atau berdiri, serta tidak membutuhkan pakaian olahraga khusus. Berikut ini adalah beberapa langkah melakukan senam Kegel:</p><ul><li style=\"text-align: left;\">Ketahui dulu letak otot panggul bawah dengan cara menghentikan keluarnya urine saat buang air kecil. Otot yang menahan air seni itulah yang disebut otot panggul bawah.</li><li style=\"text-align: left;\">Jika sudah dapat merasakan otot panggul, kencangkan otot tersebut dan tahan selama 5 detik, kemudian lemaskan otot kembali. Saat mengencangkan otot, tetaplah bernapas dengan santai dan hindari mengencangkan otot perut, paha, dan bokong.</li><li style=\"text-align: left;\">Bila sudah terbiasa, tingkatkan durasi senam Kegel hingga 5&ndash;10 detik. Lakukan senam Kegel setidaknya 4&ndash;6 kali sehari.</li></ul><p style=\"font-size: 16px; margin: 10px 0px; text-align: left;\">Meski demikian, hindari melakukan gerakan ini untuk menahan kencing karena berisiko meningkatkan&nbsp;<a href=\"https://www.alodokter.com/infeksi-saluran-kemih\" target=\"_blank\" style=\"text-decoration: none; color: rgb(53, 112, 210);\">infeksi saluran kencing</a>.</p><p style=\"font-size: 16px; margin: 10px 0px; text-align: left;\">Anda tidak memerlukan waktu dan ruang khusus untuk melakukan senam Kegel. Olahraga ini bahkan dapat dilakukan ketika Anda sedang duduk sambil melakukan pekerjaan di kantor, menonton televisi, atau berdiri.</p><p style=\"font-size: 16px; margin: 10px 0px; text-align: left;\">Manfaat senam Kegel dapat dirasakan dalam 3&ndash;6 minggu jika dilakukan secara rutin. Namun, jika kondisi yang Anda alami tidak kunjung membaik setelah 4 minggu, sebaiknya periksakan ke&nbsp;<a href=\"https://www.alodokter.com/cari-dokter/dokter-kedokteran-olahraga\" target=\"_blank\" style=\"text-decoration: none; color: rgb(53, 112, 210);\">dokter</a> agar dapat dilakukan penanganan yang sesuai.</p><h3 style=\"font-size: 17px; font-weight: bold; font-style: normal; font-stretch: normal; line-height: 1.32; letter-spacing: -0.3px; margin-top: 32px; margin-bottom: 0px; text-align: left;\"><br></h3></div></div><div style=\"margin-top: 11px; height: 23px; font-size: 14px; font-weight: 400; font-style: normal; font-stretch: normal; line-height: 1.92; letter-spacing: normal; color: rgb(67, 67, 67); margin-bottom: 8px; font-family: LatoWeb, sans-serif; font-variant-ligatures: normal; font-variant-caps: normal; orphans: 2; text-align: left; text-indent: 0px; text-transform: none; white-space: normal; widows: 2; word-spacing: 0px; -webkit-text-stroke-width: 0px; text-decoration-thickness: initial; text-decoration-style: initial; text-decoration-color: initial;\">Terakhir diperbarui: 31 Mei 2023</div><div style=\"margin-bottom: 8px; text-align: left;\">Ditinjau oleh: dr. Sienny Agustin</div>');
  INSERT INTO `t_artikel` VALUES ('24', 'dietornish.jpg', 'Diet Ornish, Ini Aturan dan Manfaatnya bagi Keseha', '1', 'Diet Ornish merupakan salah satu pola makan untuk mengurangi berat badan. Salah satu aturan utamanya adalah membatasi asupan lemak. Dengan melakukan diet ini secara benar, efek samping merugikan seperti kurangnya asupan nutrisi tertentu, bisa diminimalkan', 'https://www.alodokter.com/diet-ornish-ini-aturan-dan-manfaatnya-bagi-kesehatan', '<p style=\"text-align: left;\"><span style=\"color: rgb(59, 55, 56); font-family: LatoWeb, sans-serif; font-size: 16px; font-style: normal; font-variant-ligatures: normal; font-variant-caps: normal; font-weight: 400; letter-spacing: normal; orphans: 2; text-align: start; text-indent: 0px; text-transform: none; white-space: normal; widows: 2; word-spacing: 0px; -webkit-text-stroke-width: 0px; text-decoration-thickness: initial; text-decoration-style: initial; text-decoration-color: initial; display: inline !important; float: none;\" id=\"isPasted\">Diet Ornish adalah salah satu jenis diet yang efektif dalam&nbsp;</span><a href=\"https://www.alodokter.com/7-cara-mudah-menurunkan-berat-badan\" target=\"_blank\" style=\"text-decoration: none; color: rgb(53, 112, 210); font-family: LatoWeb, sans-serif; font-size: 16px; font-style: normal; font-variant-ligatures: normal; font-variant-caps: normal; font-weight: 400; letter-spacing: normal; orphans: 2; text-align: start; text-indent: 0px; text-transform: none; white-space: normal; widows: 2; word-spacing: 0px; -webkit-text-stroke-width: 0px;\">menurunkan berat badan</a><span style=\"color: rgb(59, 55, 56); font-family: LatoWeb, sans-serif; font-size: 16px; font-style: normal; font-variant-ligatures: normal; font-variant-caps: normal; font-weight: 400; letter-spacing: normal; orphans: 2; text-align: start; text-indent: 0px; text-transform: none; white-space: normal; widows: 2; word-spacing: 0px; -webkit-text-stroke-width: 0px; text-decoration-thickness: initial; text-decoration-style: initial; text-decoration-color: initial; display: inline !important; float: none;\">. Diet ini dipopulerkan oleh Dr. Dean Ornish dengan mengutamakan perubahan pola makan dan gaya hidup lebih sehat, sehingga kesehatan orang yang menjalani diet ini tetap terjaga.</span></p><div style=\"margin-bottom: 25px; position: relative; color: rgb(59, 55, 56); font-family: LatoWeb, sans-serif; font-size: 16px; font-style: normal; font-variant-ligatures: normal; font-variant-caps: normal; font-weight: 400; letter-spacing: normal; orphans: 2; text-align: start; text-indent: 0px; text-transform: none; white-space: normal; widows: 2; word-spacing: 0px; -webkit-text-stroke-width: 0px; text-decoration-thickness: initial; text-decoration-style: initial; text-decoration-color: initial;\" id=\"isPasted\"><div data-id=\"647d999329f4650026fca8de\" style=\"line-height: 1.75;\"><h3 style=\"font-size: 17px; font-weight: bold; font-style: normal; font-stretch: normal; line-height: 1.32; letter-spacing: -0.3px; margin-top: 32px; margin-bottom: 0px; text-align: left;\"><strong>Aturan Diet Ornish</strong></h3><p style=\"font-size: 16px; margin: 10px 0px; text-align: left;\">Diet Ornish termasuk dalam diet rendah lemak. Ini karena orang yang menjalaninya disarankan untuk membatasi asupan makanan berlemak secara signifikan, yaitu hanya 10% saja dari total <a href=\"https://www.alodokter.com/diet-kalori-untuk-mengurangi-berat-badan\" target=\"_blank\" style=\"text-decoration: none; color: rgb(53, 112, 210);\">asupan kalori</a> harian.</p><p style=\"font-size: 16px; margin: 10px 0px; text-align: left;\">Asupan lemaknya pun sebagian besar dipenuhi dari <a href=\"https://www.alodokter.com/manfaat-lemak-nabati-bagi-kesehatan-tubuh\" target=\"_blank\" style=\"text-decoration: none; color: rgb(53, 112, 210);\">lemak nabati</a>. Jenis lemak ini bisa Anda temukan pada kacang-kacangan, biji-bijian, dan polong-polongan. Lemak hewani, seperti daging, ikan, ayam, dan kuning telur, perlu dihindari.</p><p style=\"font-size: 16px; margin: 10px 0px; text-align: left;\">Meski begitu, lemak hewani yang berasal dari putih telur dan susu rendah lemak atau produk olahannya masih dapat dikonsumsi dalam jumlah terbatas, yaitu tidak lebih dari 2 porsi atau 2 gelas setiap harinya.</p><p style=\"font-size: 16px; margin: 10px 0px; text-align: left;\">Selain lemak, asupan karbohidrat sederhana, seperti roti tawar, kue manis, dan sirup, perlu dibatasi. Di sisi lain, asupan karbohidrat kompleks, seperti nasi merah, roti gandum, dan kentang, perlu ditingkatkan. Konsumsi sayur dan buah juga perlu ditambah jumlahnya.</p><p style=\"font-size: 16px; margin: 10px 0px; text-align: left;\">Tidak hanya pola makan saja yang diatur, diet Ornish juga menyarankan pelakunya untuk hidup lebih sehat. Oleh karena itu, orang yang menjalani diet ini juga dianjurkan untuk berolahraga secara rutin, seperti <a href=\"https://www.alodokter.com/jangan-takut-lelah-ada-banyak-manfaat-jalan-kaki\" target=\"_blank\" style=\"text-decoration: none; color: rgb(53, 112, 210);\">jalan kaki</a> selama 20&ndash;30 menit setiap hari.</p><p style=\"font-size: 16px; margin: 10px 0px; text-align: left;\">Stres pun juga harus dikelola dengan baik, misalnya melalui aktivitas yang disukai, <a href=\"https://www.alodokter.com/sering-sakit-dan-stres-coba-meditasi\" target=\"_blank\" style=\"text-decoration: none; color: rgb(53, 112, 210);\">meditasi</a>, atau yoga.</p><h3 style=\"font-size: 17px; font-weight: bold; font-style: normal; font-stretch: normal; line-height: 1.32; letter-spacing: -0.3px; margin-top: 32px; margin-bottom: 0px; text-align: left;\"><strong>Manfaat Diet Ornish</strong></h3><p style=\"font-size: 16px; margin: 10px 0px; text-align: left;\">Jika Anda mengikuti aturan diet Ornish dengan benar, akan ada banyak manfaat yang bisa dirasakan. Berikut ini adalah beberapa manfaat diet Ornish:</p><h4 style=\"font-size: 17px; font-weight: bold; font-style: normal; font-stretch: normal; line-height: 1.32; letter-spacing: -0.3px; margin-top: 32px; margin-bottom: 0px; text-align: left;\"><strong>1. Menurunkan berat badan</strong></h4><p style=\"font-size: 16px; margin: 10px 0px; text-align: left;\">Diet Ornish menyarankan Anda untuk mengurangi asupan makanan berlemak dan memperbanyak konsumsi makanan berserat, seperti sayur, buah, dan biji-biijian.</p><p style=\"font-size: 16px; margin: 10px 0px; text-align: left;\">Makanan ini diketahui memberikan efek kenyang lebih lama, sehingga dapat menekan keinginan makan secara berlebih. Efeknya, penurunan berat badan akan lebih mudah dicapai.</p><h4 style=\"font-size: 17px; font-weight: bold; font-style: normal; font-stretch: normal; line-height: 1.32; letter-spacing: -0.3px; margin-top: 32px; margin-bottom: 0px; text-align: left;\"><strong>2. Mengontrol kadar gula darah</strong></h4><p style=\"font-size: 16px; margin: 10px 0px; text-align: left;\">Kadar gula darah juga dapat lebih terkontrol ketika Anda menjalani diet Ornish. Pola makan ini menekankan pembatasan asupan karbohidrat sederhana yang dapat menaikkan gula darah dengan cepat.</p><p style=\"font-size: 16px; margin: 10px 0px; text-align: left;\">Selain itu, diet Ornish juga menyarankan Anda untuk mengonsumsi makanan berserat tinggi. Makanan berserat turut berkontribusi dalam mengontrol <a href=\"https://www.alodokter.com/berapa-kadar-gula-darah-normal-pada-tubuh\" target=\"_blank\" style=\"text-decoration: none; color: rgb(53, 112, 210);\">kadar gula darah</a>.</p><h4 style=\"font-size: 17px; font-weight: bold; font-style: normal; font-stretch: normal; line-height: 1.32; letter-spacing: -0.3px; margin-top: 32px; margin-bottom: 0px; text-align: left;\"><strong>3. Mengurangi risiko terkena penyakit jantung</strong></h4><p style=\"font-size: 16px; margin: 10px 0px; text-align: left;\">Diet ornish yang dilakukan dengan benar dapat menurunkan risiko terkena penyakit jantung. Pasalnya, diet rendah lemak yang diimbangi dengan konsumsi makanan berserat tinggi dapat mengontrol kadar kolesterol dalam darah. Hal ini membuat kesehatan jantung menjadi lebih terjaga.</p><h4 style=\"font-size: 17px; font-weight: bold; font-style: normal; font-stretch: normal; line-height: 1.32; letter-spacing: -0.3px; margin-top: 32px; margin-bottom: 0px; text-align: left;\"><strong>4. Mencegah terkena kanker</strong></h4><p style=\"font-size: 16px; margin: 10px 0px; text-align: left;\">Saat menjalani diet Ornish, Anda akan mengonsumsi sayur dan buah lebih banyak. <em>Nah</em>, makanan ini mengandung antioksidan dan antikanker sehingga dapat mengurangi risiko terkena <a href=\"https://www.alodokter.com/penyakit-kanker\" target=\"_blank\" style=\"text-decoration: none; color: rgb(53, 112, 210);\">penyakit kanker</a>.</p><p style=\"font-size: 16px; margin: 10px 0px; text-align: left;\">Meski menawarkan manfaat yang sangat menarik, faktanya diet Ornish tidak mudah untuk dijalani, terutama bagi yang terbiasa mengonsumsi makanan hewani, seperti daging dan ayam.</p><p style=\"font-size: 16px; margin: 10px 0px; text-align: left;\">Diet Ornish juga diyakini sulit untuk dilakukan dalam jangka panjang, sehingga ada kemungkinan pelaku diet ini kembali ke pola hidup sebelumnya. Efeknya, kenaikan berat badan dapat kembali terjadi.</p><p style=\"font-size: 16px; margin: 10px 0px; text-align: left;\">Tidak hanya itu, ada pula kekhawatiran bahwa diet ini menyebabkan efek samping berupa kekurangan asupan nutrisi tertentu. Alasannya, karena protein nabati yang dijadikan sebagai asupan pengganti protein hewani cenderung rendah kalsium, vitamin B12, dan zat besi.</p><p style=\"font-size: 16px; margin: 10px 0px; text-align: left;\">Itulah informasi diet Ornish yang perlu diketahui. Perlu diingat bahwa manfaat diet Ornish bisa didapat jika Anda menjalankannya dengan benar. Oleh karena itu, ada baiknya Anda berkonsultasi ke <a href=\"https://www.alodokter.com/cari-dokter/ahli-gizi?page=1\" target=\"_blank\" style=\"text-decoration: none; color: rgb(53, 112, 210);\">dokter</a> terlebih dahulu sebelum menjalani diet ini.</p><p style=\"font-size: 16px; margin: 10px 0px; text-align: left;\">Dokter akan membantu Anda merancang menu diet sesuai dengan kondisi kesehatan. Dokter juga akan meresepkan suplemen atau <a href=\"https://www.alodokter.com/baca-ini-dulu-sebelum-mengonsumsi-multivitamin\" target=\"_blank\" style=\"text-decoration: none; color: rgb(53, 112, 210);\">multivitamin</a> tambahan guna meminimalkan risiko terjadinya kekurangan asupan nutrisi tertentu saat menjalani diet Ornish.</p></div></div><div style=\"margin-top: 11px; height: 23px; font-size: 14px; font-weight: 400; font-style: normal; font-stretch: normal; line-height: 1.92; letter-spacing: normal; color: rgb(67, 67, 67); margin-bottom: 8px; font-family: LatoWeb, sans-serif; font-variant-ligatures: normal; font-variant-caps: normal; orphans: 2; text-align: left; text-indent: 0px; text-transform: none; white-space: normal; widows: 2; word-spacing: 0px; -webkit-text-stroke-width: 0px; text-decoration-thickness: initial; text-decoration-style: initial; text-decoration-color: initial;\">Terakhir diperbarui: 22 Mei 2023</div><div style=\"margin-bottom: 8px; text-align: left;\">Ditinjau oleh: dr. Airindya Bella</div>');
  INSERT INTO `t_artikel` VALUES ('25', 'phthalates.jpg', 'Mengenal Phthalates, Bahan Kimia yang Disebut Berb', '1', 'Kata phthalates mungkin masih terdengar asing di telinga. Namun, tahukah kamu? Phthalates bisa ditemukan dalam banyak produk yang kerap kita gunakan sehari-hari. Paparan bahan ini disebut dapat menimbulkan efek buruk bagi kesehatan, khususnya pada anak-an', 'https://www.alodokter.com/mengenal-phthalates-bahan-kimia-yang-disebut-berbahaya-untuk-anak-dan-ibu-hamil', '<p style=\"text-align: left;\"><em style=\"color: rgb(59, 55, 56); font-family: LatoWeb, sans-serif; font-size: 16px; font-variant-ligatures: normal; font-variant-caps: normal; font-weight: 400; letter-spacing: normal; orphans: 2; text-align: start; text-indent: 0px; text-transform: none; white-space: normal; widows: 2; word-spacing: 0px; -webkit-text-stroke-width: 0px; text-decoration-thickness: initial; text-decoration-style: initial; text-decoration-color: initial;\" id=\"isPasted\">P</em><em style=\"color: rgb(59, 55, 56); font-family: LatoWeb, sans-serif; font-size: 16px; font-variant-ligatures: normal; font-variant-caps: normal; font-weight: 400; letter-spacing: normal; orphans: 2; text-align: start; text-indent: 0px; text-transform: none; white-space: normal; widows: 2; word-spacing: 0px; -webkit-text-stroke-width: 0px; text-decoration-thickness: initial; text-decoration-style: initial; text-decoration-color: initial;\">hthalate</em><em style=\"color: rgb(59, 55, 56); font-family: LatoWeb, sans-serif; font-size: 16px; font-variant-ligatures: normal; font-variant-caps: normal; font-weight: 400; letter-spacing: normal; orphans: 2; text-align: start; text-indent: 0px; text-transform: none; white-space: normal; widows: 2; word-spacing: 0px; -webkit-text-stroke-width: 0px; text-decoration-thickness: initial; text-decoration-style: initial; text-decoration-color: initial;\">s</em><span style=\"color: rgb(59, 55, 56); font-family: LatoWeb, sans-serif; font-size: 16px; font-style: normal; font-variant-ligatures: normal; font-variant-caps: normal; font-weight: 400; letter-spacing: normal; orphans: 2; text-align: start; text-indent: 0px; text-transform: none; white-space: normal; widows: 2; word-spacing: 0px; -webkit-text-stroke-width: 0px; text-decoration-thickness: initial; text-decoration-style: initial; text-decoration-color: initial; display: inline !important; float: none;\">&nbsp;adalah zat kimia yang digunakan untuk membuat plastik menjadi kokoh dan fleksibel. Selain pada plastik,&nbsp;</span><em style=\"color: rgb(59, 55, 56); font-family: LatoWeb, sans-serif; font-size: 16px; font-variant-ligatures: normal; font-variant-caps: normal; font-weight: 400; letter-spacing: normal; orphans: 2; text-align: start; text-indent: 0px; text-transform: none; white-space: normal; widows: 2; word-spacing: 0px; -webkit-text-stroke-width: 0px; text-decoration-thickness: initial; text-decoration-style: initial; text-decoration-color: initial;\">phthalates</em><span style=\"color: rgb(59, 55, 56); font-family: LatoWeb, sans-serif; font-size: 16px; font-style: normal; font-variant-ligatures: normal; font-variant-caps: normal; font-weight: 400; letter-spacing: normal; orphans: 2; text-align: start; text-indent: 0px; text-transform: none; white-space: normal; widows: 2; word-spacing: 0px; -webkit-text-stroke-width: 0px; text-decoration-thickness: initial; text-decoration-style: initial; text-decoration-color: initial; display: inline !important; float: none;\">&nbsp;juga bisa ditemukan pada sabun, sampo,&nbsp;</span><a href=\"https://www.alodokter.com/kecantikan-warna-warni-kutek-mengandung-risiko\" target=\"_blank\" style=\"text-decoration: none; color: rgb(53, 112, 210); font-family: LatoWeb, sans-serif; font-size: 16px; font-style: normal; font-variant-ligatures: normal; font-variant-caps: normal; font-weight: 400; letter-spacing: normal; orphans: 2; text-align: start; text-indent: 0px; text-transform: none; white-space: normal; widows: 2; word-spacing: 0px; -webkit-text-stroke-width: 0px;\">cat kuku</a><span style=\"color: rgb(59, 55, 56); font-family: LatoWeb, sans-serif; font-size: 16px; font-style: normal; font-variant-ligatures: normal; font-variant-caps: normal; font-weight: 400; letter-spacing: normal; orphans: 2; text-align: start; text-indent: 0px; text-transform: none; white-space: normal; widows: 2; word-spacing: 0px; -webkit-text-stroke-width: 0px; text-decoration-thickness: initial; text-decoration-style: initial; text-decoration-color: initial; display: inline !important; float: none;\">, parfum, detergen, produk perawatan kulit, dan&nbsp;</span><em style=\"color: rgb(59, 55, 56); font-family: LatoWeb, sans-serif; font-size: 16px; font-variant-ligatures: normal; font-variant-caps: normal; font-weight: 400; letter-spacing: normal; orphans: 2; text-align: start; text-indent: 0px; text-transform: none; white-space: normal; widows: 2; word-spacing: 0px; -webkit-text-stroke-width: 0px; text-decoration-thickness: initial; text-decoration-style: initial; text-decoration-color: initial;\">hair spray</em><span style=\"color: rgb(59, 55, 56); font-family: LatoWeb, sans-serif; font-size: 16px; font-style: normal; font-variant-ligatures: normal; font-variant-caps: normal; font-weight: 400; letter-spacing: normal; orphans: 2; text-align: start; text-indent: 0px; text-transform: none; white-space: normal; widows: 2; word-spacing: 0px; -webkit-text-stroke-width: 0px; text-decoration-thickness: initial; text-decoration-style: initial; text-decoration-color: initial; display: inline !important; float: none;\">. Bahkan,&nbsp;</span><em style=\"color: rgb(59, 55, 56); font-family: LatoWeb, sans-serif; font-size: 16px; font-variant-ligatures: normal; font-variant-caps: normal; font-weight: 400; letter-spacing: normal; orphans: 2; text-align: start; text-indent: 0px; text-transform: none; white-space: normal; widows: 2; word-spacing: 0px; -webkit-text-stroke-width: 0px; text-decoration-thickness: initial; text-decoration-style: initial; text-decoration-color: initial;\">p</em><em style=\"color: rgb(59, 55, 56); font-family: LatoWeb, sans-serif; font-size: 16px; font-variant-ligatures: normal; font-variant-caps: normal; font-weight: 400; letter-spacing: normal; orphans: 2; text-align: start; text-indent: 0px; text-transform: none; white-space: normal; widows: 2; word-spacing: 0px; -webkit-text-stroke-width: 0px; text-decoration-thickness: initial; text-decoration-style: initial; text-decoration-color: initial;\">hthalate</em><em style=\"color: rgb(59, 55, 56); font-family: LatoWeb, sans-serif; font-size: 16px; font-variant-ligatures: normal; font-variant-caps: normal; font-weight: 400; letter-spacing: normal; orphans: 2; text-align: start; text-indent: 0px; text-transform: none; white-space: normal; widows: 2; word-spacing: 0px; -webkit-text-stroke-width: 0px; text-decoration-thickness: initial; text-decoration-style: initial; text-decoration-color: initial;\">s</em><span style=\"color: rgb(59, 55, 56); font-family: LatoWeb, sans-serif; font-size: 16px; font-style: normal; font-variant-ligatures: normal; font-variant-caps: normal; font-weight: 400; letter-spacing: normal; orphans: 2; text-align: start; text-indent: 0px; text-transform: none; white-space: normal; widows: 2; word-spacing: 0px; -webkit-text-stroke-width: 0px; text-decoration-thickness: initial; text-decoration-style: initial; text-decoration-color: initial; display: inline !important; float: none;\">&nbsp;juga bisa ditemukan pada makanan yang kemasannya mengandung bahan ini.</span></p><div style=\"margin-bottom: 25px; position: relative; color: rgb(59, 55, 56); font-family: LatoWeb, sans-serif; font-size: 16px; font-style: normal; font-variant-ligatures: normal; font-variant-caps: normal; font-weight: 400; letter-spacing: normal; orphans: 2; text-align: start; text-indent: 0px; text-transform: none; white-space: normal; widows: 2; word-spacing: 0px; -webkit-text-stroke-width: 0px; text-decoration-thickness: initial; text-decoration-style: initial; text-decoration-color: initial;\" id=\"isPasted\"><div data-id=\"602a202d8c87d008c1b523b8\" style=\"line-height: 1.75;\"><h3 style=\"font-size: 17px; font-weight: bold; font-style: normal; font-stretch: normal; line-height: 1.32; letter-spacing: -0.3px; margin-top: 32px; margin-bottom: 0px; text-align: left;\"><strong>Bahaya&nbsp;<em>Phthalates</em> pada Anak dan Ibu Hamil</strong></h3><p style=\"font-size: 16px; margin: 10px 0px; text-align: left;\">Selain dengan mengonsumsi makanan yang sudah terpapar&nbsp;<em>phthalates</em>, zat ini bisa masuk ke dalam tubuh melalui penyerapan produk perawatan kulit yang mengandung&nbsp;<em>phthalates</em>.</p><p style=\"font-size: 16px; margin: 10px 0px; text-align: left;\">Menghirup aroma parfum, cat kuku, atau&nbsp;<a href=\"https://www.alodokter.com/apakah-bau-cat-berbahaya-untuk-ibu-hamil\" target=\"_blank\" style=\"text-decoration: none; color: rgb(53, 112, 210);\">cat rumah</a>, atau debu dari produk vinil dan bahan bangunan yang mengandung&nbsp;<em>pthalates</em> juga berpotensi membuat zat ini masuk ke dalam tubuh.</p><p style=\"font-size: 16px; margin: 10px 0px; text-align: left;\">Pada ibu hamil,&nbsp;<em>phthalates</em> yang masuk ke dalam tubuh bisa melewati plasenta dan mengganggu janin. Bahan ini juga bisa tercampur bersama ASI, sehingga bisa masuk ke tubuh bayi. Selain itu,&nbsp;<em>phthalate&nbsp;</em>juga bisa masuk ke dalam tubuh anak saat ia mengisap&nbsp;<em>teether</em> atau memasukkan mainan plastik ke dalam mulutnya.</p><p style=\"font-size: 16px; margin: 10px 0px; text-align: left;\">Melihat banyaknya produk yang mengandung&nbsp;<em>phthalate&nbsp;</em>dan mudahnya zat ini masuk ke dalam tubuh, bahaya&nbsp;<em>phthalate&nbsp;</em>perlu dijadikan perhatian, terlebih pada anak-anak dan ibu hamil.</p><p style=\"font-size: 16px; margin: 10px 0px; text-align: left;\">Berikut adalah bahaya&nbsp;<em>phthalates</em> pada anak dan ibu hamil yang perlu kamu waspadai:</p><h4 style=\"font-size: 17px; font-weight: bold; font-style: normal; font-stretch: normal; line-height: 1.32; letter-spacing: -0.3px; margin-top: 32px; margin-bottom: 0px; text-align: left;\"><strong>1. Gangguan motorik</strong></h4><p style=\"font-size: 16px; margin: 10px 0px; text-align: left;\">Sebuah penelitian menunjukkan bahwa ibu hamil yang terpapar&nbsp;<em>phthalates</em> cenderung melahirkan anak yang memiliki masalah pada pertumbuhan dan perkembangan otak. Biasanya hal ini akan terlihat pada keterlambatan dalam perkembangan&nbsp;<a href=\"https://www.alodokter.com/melatih-keterampilan-motorik-anak-dengan-permainan\" target=\"_blank\" style=\"text-decoration: none; color: rgb(53, 112, 210);\">keterampilan motorik</a> dan berbicara.</p><p style=\"font-size: 16px; margin: 10px 0px; text-align: left;\"><strong>2. Gangguan sistem endokrin</strong></p><p style=\"font-size: 16px; margin: 10px 0px; text-align: left;\">Sistem endokrin terdiri dari kelenjar yang bertanggung jawab atas hampir seluruh proses dalam tubuh. Nah, paparan&nbsp;<em>phthalates</em> diketahui dapat menggangu kerja sistem endokrin ini.</p><p style=\"font-size: 16px; margin: 10px 0px; text-align: left;\">Pada janin,&nbsp;<em>phthalates&nbsp;</em>meningkatkan risiko terjadinya kelainan pada organ genital. Sementara itu,&nbsp;<em>phthalates</em> yang bersarang di tubuh anak dapat memicu&nbsp;<a href=\"https://www.alodokter.com/pubertas-sebelum-waktunya-pada-anak\" target=\"_blank\" style=\"text-decoration: none; color: rgb(53, 112, 210);\">pubertas dini</a>, gangguan metabolisme dan fungsi organ tubuh, dan gangguan pertumbuhan, serta meningkatkan risiko terjadinya&nbsp;<a href=\"https://www.alodokter.com/penyebab-alergi-pada-anak-dan-cara-mencegahnya\" target=\"_blank\" style=\"text-decoration: none; color: rgb(53, 112, 210);\">alergi</a>.</p><h4 style=\"font-size: 17px; font-weight: bold; font-style: normal; font-stretch: normal; line-height: 1.32; letter-spacing: -0.3px; margin-top: 32px; margin-bottom: 0px; text-align: left;\"><strong>3. Keguguran</strong></h4><p style=\"font-size: 16px; margin: 10px 0px; text-align: left;\">Selama hamil, ibu hamil perlu menjaga asupan nutrisinya dan menghindari paparan bahan kimia yang bisa menimbulkan efek buruk bagi kesehatan janin, salah satunya adalah&nbsp;<em>phthalates</em>.</p><p style=\"font-size: 16px; margin: 10px 0px; text-align: left;\">Penelitian membuktikan bahwa ibu hamil yang terpapar&nbsp;<em>phthalates</em> dalam jumlah yang banyak memiliki kemungkinan 60% lebih tinggi mengalami&nbsp;<a href=\"https://www.alodokter.com/keguguran\" target=\"_blank\" style=\"text-decoration: none; color: rgb(53, 112, 210);\">keguguran</a> dibandingkan dengan ibu yang tidak terpapar.</p><h4 style=\"font-size: 17px; font-weight: bold; font-style: normal; font-stretch: normal; line-height: 1.32; letter-spacing: -0.3px; margin-top: 32px; margin-bottom: 0px; text-align: left;\"><strong>4. Diabetes gestasional</strong></h4><p style=\"font-size: 16px; margin: 10px 0px; text-align: left;\">Dalam sebuah penelitian disebutkan bahwa paparan&nbsp;<em>phthalates</em> dalam jumlah tinggi bisa memicu kenaikan berat badan selama kehamilan. Sementara itu, paparan&nbsp;<em>phthalates</em> dalam jumlah sedang bisa membuat ibu hamil 7 kali lipat lebih berisiko mengalami gangguan toleransi glukosa.</p><p style=\"font-size: 16px; margin: 10px 0px; text-align: left;\">Pertambahan berat badan yang berlebihan dan gangguan toleransi glukosa selama kehamilan merupakan faktor risiko&nbsp;<a href=\"https://www.alodokter.com/alodokter.com/diabetes-gestasional\" target=\"_blank\" style=\"text-decoration: none; color: rgb(53, 112, 210);\">diabetes gestasional</a>. Di samping itu, sekitar 50% wanita mengalami diabetes gestasional akan berisiko menderita diabetes tipe 2 setelah melahirkan.</p><h3 style=\"font-size: 17px; font-weight: bold; font-style: normal; font-stretch: normal; line-height: 1.32; letter-spacing: -0.3px; margin-top: 32px; margin-bottom: 0px; text-align: left;\"><strong>Mencegah Paparan&nbsp;<em>Phthalates</em> pada Anak dan Ibu Hamil</strong></h3><p style=\"font-size: 16px; margin: 10px 0px; text-align: left;\"><em>Phthalates</em> memang sulit untuk dihindari. Namun, ada beberapa cara yang bisa kamu lakukan untuk mengurangi paparan&nbsp;<em>phthalates</em> yang terlalu banyak. Berikut adalah caranya:</p><ul><li style=\"text-align: left;\">Batasi penggunakan plastik untuk makanan dan minuman. Beralihlah ke wadah berbadan dasar kaca, keramik, kayu, atau logam.&nbsp;Langkah ini juga bisa dilakukaan untuk mengurangi&nbsp;<a href=\"https://www.alodokter.com/dampak-sampah-plastik-bagi-lingkungan-dan-kesehatan-manusia/\" target=\"_blank\" style=\"text-decoration: none; color: rgb(53, 112, 210);\">sampah plastik</a>.</li><li style=\"text-align: left;\">Batasi membeli makanan yang tidak dikemas menggunakan plastik, makanan kalengan, atau makanan olahan lainnya. Lebih baik, konsumsi makanan yang baru dimasak dengan kualitas bahan masakan yang baik pula.</li><li style=\"text-align: left;\">Jangan memanaskan makanan atau minuman menggunakan plastik.</li><li style=\"text-align: left;\">Pilihlah produk perawatan kulit yang tidak mengandung pewangi, baik itu losion, bedak, sampo, sabun atau deterjen.</li><li style=\"text-align: left;\">Pilih&nbsp;<a href=\"https://www.alodokter.com/jangan-salah-memilih-botol-bayi-ini-kriteria-yang-aman\" target=\"_blank\" style=\"text-decoration: none; color: rgb(53, 112, 210);\">botol susu</a>,&nbsp;<em>teether</em>, atau mainan bayi yang berlabel bebas&nbsp;<em>phthalates</em>.</li><li style=\"text-align: left;\">Pilih botol minum kemasan yang memiliki simbol 1, 2, 4, atau 5 di bawah kemasan botol.</li><li style=\"text-align: left;\">Ajaklah anak untuk sering&nbsp;<a href=\"https://www.alodokter.com/ajarkan-cara-cuci-tangan-yang-benar-pada-si-kecil\" target=\"_blank\" style=\"text-decoration: none; color: rgb(53, 112, 210);\">mencuci tangan</a> dengan air dan sabun, terutama sehabis bermain.</li><li style=\"text-align: left;\">Pastikan setiap ruangan di dalam rumah memiliki ventilasi agar sirkulasi udara dapat berputar dengan baik.</li><li style=\"text-align: left;\">Rutinlah membersihkan peralatan dirumah, termasuk karpet dan jendela rumah, yang mungkin menjadi tempat mengendapnya&nbsp;<em>phthalates</em>.</li></ul><p style=\"font-size: 16px; margin: 10px 0px; text-align: left;\">Untuk melindungi orang-orang di sekitarmu dari bahaya&nbsp;<em>phthalates</em>, khususnya ibu hamil dan anak-anak, coba terapkan cara-cara di atas, ya. Jangan lupa juga untuk selalu mengonsumsi&nbsp;<a href=\"https://www.alodokter.com/ini-makanan-sehat-yang-perlu-dikonsumsi-setiap-hari\" target=\"_blank\" style=\"text-decoration: none; color: rgb(53, 112, 210);\">makanan sehat</a>. Dengan begitu, kesehatan ibu hamil serta janinnya bisa terjaga dan tumbuh kembang anak juga lebih optimal.</p><p style=\"font-size: 16px; margin: 10px 0px; text-align: left;\">Selain itu, jangan lupa untuk rutin memeriksakan kondisi kehamilan dan tumbuh kembang anak ke&nbsp;<a href=\"https://www.alodokter.com/cari-dokter/dokter-kandungan\" target=\"_blank\" style=\"text-decoration: none; color: rgb(53, 112, 210);\">dokter kandungan</a> dan&nbsp;<a href=\"https://www.alodokter.com/cari-dokter/dokter-anak\" target=\"_blank\" style=\"text-decoration: none; color: rgb(53, 112, 210);\">dokter anak</a>. Dengan pemeriksaan yang rutin, kelainan yang terjadi akibat bahaya&nbsp;<em>phthalates</em> bisa ditemukan lebih dini dan diatasi dengan lebih baik.</p></div></div><div style=\"margin-top: 11px; height: 23px; font-size: 14px; font-weight: 400; font-style: normal; font-stretch: normal; line-height: 1.92; letter-spacing: normal; color: rgb(67, 67, 67); margin-bottom: 8px; font-family: LatoWeb, sans-serif; font-variant-ligatures: normal; font-variant-caps: normal; orphans: 2; text-align: left; text-indent: 0px; text-transform: none; white-space: normal; widows: 2; word-spacing: 0px; -webkit-text-stroke-width: 0px; text-decoration-thickness: initial; text-decoration-style: initial; text-decoration-color: initial;\">Terakhir diperbarui: 12 Februari 2021</div><div style=\"margin-bottom: 8px; text-align: left;\">Ditinjau oleh: dr. Meva Nareza</div>');
  INSERT INTO `t_artikel` VALUES ('26', 'deteksi.jpg', 'Deteksi 7 Ciri Manipulasi dan Ketahui Cara Menghad', '2', 'Penting bagi Anda untuk mengetahui ciri-ciri manipulasi dan cara menghadapinya. Manipulasi merupakan masalah yang bisa muncul dalam semua jenis hubungan, baik hubungan pribadi maupun profesional.', 'https://www.alodokter.com/deteksi-7-ciri-manipulasi-dan-ketahui-cara-menghadapinya', '<p style=\"text-align: left;\"><span style=\"color: rgb(59, 55, 56); font-family: LatoWeb, sans-serif; font-size: 16px; font-style: normal; font-variant-ligatures: normal; font-variant-caps: normal; font-weight: 400; letter-spacing: normal; orphans: 2; text-align: start; text-indent: 0px; text-transform: none; white-space: normal; widows: 2; word-spacing: 0px; -webkit-text-stroke-width: 0px; text-decoration-thickness: initial; text-decoration-style: initial; text-decoration-color: initial; display: inline !important; float: none;\" id=\"isPasted\">Manipulasi adalah cara yang dilakukan seseorang (manipulator) untuk menyerang atau memengaruhi emosi dan mental orang lain, sehingga ia bisa mengendalikan orang lain dan mendapatkan apa yang ia inginkan. Tidak hanya pada orang dewasa, tindakan manipulasi juga bisa dilakukan kepada anak dalam bentuk&nbsp;</span><a href=\"https://www.alodokter.com/child-grooming-modus-pelecehan-anak-yang-jarang-disadari\" target=\"_blank\" style=\"text-decoration: none; color: rgb(53, 112, 210); font-family: LatoWeb, sans-serif; font-size: 16px; font-style: normal; font-variant-ligatures: normal; font-variant-caps: normal; font-weight: 400; letter-spacing: normal; orphans: 2; text-align: start; text-indent: 0px; text-transform: none; white-space: normal; widows: 2; word-spacing: 0px; -webkit-text-stroke-width: 0px;\">child grooming</a><span style=\"color: rgb(59, 55, 56); font-family: LatoWeb, sans-serif; font-size: 16px; font-style: normal; font-variant-ligatures: normal; font-variant-caps: normal; font-weight: 400; letter-spacing: normal; orphans: 2; text-align: start; text-indent: 0px; text-transform: none; white-space: normal; widows: 2; word-spacing: 0px; -webkit-text-stroke-width: 0px; text-decoration-thickness: initial; text-decoration-style: initial; text-decoration-color: initial; display: inline !important; float: none;\">.</span></p><div style=\"margin-bottom: 25px; position: relative; color: rgb(59, 55, 56); font-family: LatoWeb, sans-serif; font-size: 16px; font-style: normal; font-variant-ligatures: normal; font-variant-caps: normal; font-weight: 400; letter-spacing: normal; orphans: 2; text-align: start; text-indent: 0px; text-transform: none; white-space: normal; widows: 2; word-spacing: 0px; -webkit-text-stroke-width: 0px; text-decoration-thickness: initial; text-decoration-style: initial; text-decoration-color: initial;\" id=\"isPasted\"><div data-id=\"60117306b6325709e7594a9f\" style=\"line-height: 1.75;\"><p style=\"font-size: 16px; margin: 10px 0px; text-align: left;\">Hal yang ingin didapatkan oleh manipulator bisa beragam, seperti kekuasaan, kendali, keuntungan, atau hak-hak istimewa yang dimiliki oleh korbannya.</p><h3 style=\"font-size: 17px; font-weight: bold; font-style: normal; font-stretch: normal; line-height: 1.32; letter-spacing: -0.3px; margin-top: 32px; margin-bottom: 0px; text-align: left;\"><strong>Ciri Manipulasi yang Harus Anda Ketahui</strong></h3><p style=\"font-size: 16px; margin: 10px 0px; text-align: left;\">Seorang manipulator biasanya menggunakan trik-trik untuk membuat korbannya cenderung menyerah pada kemauan dan permintaannya. Oleh karena itu, waspadailah beberapa ciri manipulasi berikut yang umumnya dilakukan oleh seorang manipulator:</p><h4 style=\"font-size: 17px; font-weight: bold; font-style: normal; font-stretch: normal; line-height: 1.32; letter-spacing: -0.3px; margin-top: 32px; margin-bottom: 0px; text-align: left;\"><strong>1. Berinteraksi di zona nyaman</strong></h4><p style=\"font-size: 16px; margin: 10px 0px; text-align: left;\">Seseorang manipulator biasanya selalu bersikeras untuk bertemu atau berinteraksi dengan Anda di zona nyamannya, misalnya rumah, kantor, atau restoran favoritnya. Hal ini ia lakukan agar bisa mengendalikan keadaan, sehingga ia bisa mendapatkan keinginannya dengan lebih mudah.</p><h4 style=\"font-size: 17px; font-weight: bold; font-style: normal; font-stretch: normal; line-height: 1.32; letter-spacing: -0.3px; margin-top: 32px; margin-bottom: 0px; text-align: left;\"><strong>2. Memanipulasi fakta</strong></h4><p style=\"font-size: 16px; margin: 10px 0px; text-align: left;\">Seorang manipulator juga umumnya sangat sering memanipulasi atau memutarbalikkan fakta.</p><p style=\"font-size: 16px; margin: 10px 0px; text-align: left;\">Ia biasanya sangat pandai dalam&nbsp;<a href=\"https://www.alodokter.com/sering-bohong-ternyata-bisa-jadi-penyakit\" target=\"_blank\" style=\"text-decoration: none; color: rgb(53, 112, 210);\">berbohong</a>, membuat alasan, menahan informasi penting, atau sering kali menyalahkan korban jika ada suatu hal yang terjadi (<em>victim blaming</em>). Dengan begitu, Anda akan merasa terpojok dan ia bisa lebih berkuasa daripada Anda.</p><h4 style=\"font-size: 17px; font-weight: bold; font-style: normal; font-stretch: normal; line-height: 1.32; letter-spacing: -0.3px; margin-top: 32px; margin-bottom: 0px; text-align: left;\"><strong>3. Mudah dekat dengan orang lain</strong></h4><p style=\"font-size: 16px; margin: 10px 0px; text-align: left;\">Orang yang manipulatif biasanya akan mudah berbagi&nbsp;<a href=\"https://www.alodokter.com/ssstt-menyimpan-rahasia-negatif-bisa-ganggu-kesehatan-lho\" target=\"_blank\" style=\"text-decoration: none; color: rgb(53, 112, 210);\">rahasia</a> dan ketakutannya untuk membuat Anda merasa istimewa, sehingga Anda juga akan mengungkapkan rahasia Anda kepadanya. Rahasia ini kemudian bisa ia jadikan senjata untuk melawan atau memanfaatkan Anda suatu saat nanti.</p><h4 style=\"font-size: 17px; font-weight: bold; font-style: normal; font-stretch: normal; line-height: 1.32; letter-spacing: -0.3px; margin-top: 32px; margin-bottom: 0px; text-align: left;\"><strong>4. Mengajukan pertanyaan pancingan</strong></h4><p style=\"font-size: 16px; margin: 10px 0px; text-align: left;\">Ini adalah ciri manipulasi yang biasa terjadi dalam hubungan profesional, tetapi bisa juga terjadi dalam hubungan personal.</p><p style=\"font-size: 16px; margin: 10px 0px; text-align: left;\">Untuk memanipulasi, seorang manipulator sering kali mengajukan pertanyaan-pertanyaan untuk memancing Anda membagikan pemikiran atau kekhawatiran Anda terlebih dahulu. Setelah itu, ia akan merespons dengan cara yang kurang baik dan memancing perselisihan.</p><p style=\"font-size: 16px; margin: 10px 0px; text-align: left;\">Strategi ini memungkinkan manipulator untuk mengontrol dan memengaruhi keputusan Anda, karena Anda merasa bersalah (<a href=\"https://www.alodokter.com/fakta-tentang-guilt-trip-salah-satu-bentuk-manipulasi\" target=\"_blank\" style=\"text-decoration: none; color: rgb(53, 112, 210);\"><em>guilt trip</em></a>) telah mengungkapkan pemikiran yang menyebabkan perselisihan tersebut.</p><h4 style=\"font-size: 17px; font-weight: bold; font-style: normal; font-stretch: normal; line-height: 1.32; letter-spacing: -0.3px; margin-top: 32px; margin-bottom: 0px; text-align: left;\"><strong>5. Melakukan perundungan intelektual</strong></h4><p style=\"font-size: 16px; margin: 10px 0px; text-align: left;\"><a href=\"https://www.alodokter.com/efek-bully-dan-cara-mengatasinya\" target=\"_blank\" style=\"text-decoration: none; color: rgb(53, 112, 210);\">Perundungan</a> intelektual (<em>intellectual bullying</em>) juga merupakan salah satu ciri manipulasi. Perundungan intelektual biasanya dilakukan dengan cara memaparkan data atau fakta yang tidak Anda kuasai secara berlebihan. Hal ini kemudian bisa membuat Anda merasa tidak mampu dan tidak berdaya dalam mengambil sebuah keputusan.</p><h4 style=\"font-size: 17px; font-weight: bold; font-style: normal; font-stretch: normal; line-height: 1.32; letter-spacing: -0.3px; margin-top: 32px; margin-bottom: 0px; text-align: left;\"><strong>6.&nbsp;</strong><strong>Membuat lelucon yang menyinggung</strong></h4><p style=\"font-size: 16px; margin: 10px 0px; text-align: left;\">Seseorang yang manipulatif juga sering kali membuat lelucon yang dimaksudkan untuk memperlihatkan kelemahan Anda, sehingga membuat Anda merasa tidak nyaman atau minder di hadapan orang lain. Dengan begitu, ia akan merasa lebih hebat dan lebih berkuasa daripada Anda.</p><h4 style=\"font-size: 17px; font-weight: bold; font-style: normal; font-stretch: normal; line-height: 1.32; letter-spacing: -0.3px; margin-top: 32px; margin-bottom: 0px; text-align: left;\"><strong>7. Membuat Anda merasa bersalah</strong></h4><p style=\"font-size: 16px; margin: 10px 0px; text-align: left;\">Ini juga merupakan salah satu ciri manipulasi. Saat Anda sedang bahagia karena suatu pencapaian, seorang manipulator akan mencoba mengecilkan pencapaian Anda dan membandingkannya dengan kebahagiaan orang lain yang lebih besar. Hal ini akan membuat Anda merasa tidak pantas membanggakan pencapaian Anda.</p><p style=\"font-size: 16px; margin: 10px 0px; text-align: left;\">Sebaliknya, saat Anda mengalami suatu kejadian yang buruk, manipulator akan mencoba membuat masalah yang ia alami tampak lebih buruk atau lebih mendesak daripada masalah Anda. Hal ini bisa membuat Anda merasa bersalah atas kesedihan yang Anda rasakan.</p><h3 style=\"font-size: 17px; font-weight: bold; font-style: normal; font-stretch: normal; line-height: 1.32; letter-spacing: -0.3px; margin-top: 32px; margin-bottom: 0px; text-align: left;\"><strong>Cara Menghadapi Pribadi yang Manipulatif</strong></h3><p style=\"font-size: 16px; margin: 10px 0px; text-align: left;\">Manipulasi yang ada di dalam suatu hubungan harus segera dihentikan. Jika tidak, ini bisa berisiko mengganggu kesehatan mental Anda. Oleh sebab itu, Anda harus cermat dalam mengenali dan mengidentifikasi ciri manipulasi seperti di atas.</p><p style=\"font-size: 16px; margin: 10px 0px; text-align: left;\">Saat Anda sudah mampu menyadari dan mengindentifikasi ciri manipulasi, ada beberapa cara yang bisa Anda lakukan untuk mengurangi&nbsp;<a href=\"https://www.alodokter.com/kenali-ciri-ciri-pelecehan-emosional-dan-cara-mengatasinya\" target=\"_blank\" style=\"text-decoration: none; color: rgb(53, 112, 210);\">dampak emosional</a> dari manipulasi tersebut.</p><p style=\"font-size: 16px; margin: 10px 0px; text-align: left;\">Berikut adalah beberapa cara menghadapi orang yang manipulatif:</p><ul><li style=\"text-align: left;\">Sampaikan pendapat Anda dengan jelas, tegas, langsung, dan spesifik. Minta maaflah jika Anda memang bersalah, tapi tidak perlu berlebihan.</li><li style=\"text-align: left;\">Jangan memikirkan terlalu dalam tentang apa yang dikatakan manipulator.</li><li style=\"text-align: left;\">Hindari mengambil keputusan secara terburu-buru.</li><li style=\"text-align: left;\">Tidak perlu mencoba untuk mengalahkan manipulator. Sebaliknya, temukan cara untuk memberi tahu secara halus bahwa Anda paham ia sedang memanipulasi Anda.</li><li style=\"text-align: left;\">Hindari interaksi yang terlalu banyak dengan manipulator, terlebih jika hubungan Anda dengannya bukan hubungan personal.</li><li style=\"text-align: left;\">Cari orang yang bisa Anda percaya, yang tidak berada di bawah pengaruh manipulator, untuk bercerita atau meminta saran mengenai situasi yang sedang Anda hadapi.</li></ul><p style=\"font-size: 16px; margin: 10px 0px; text-align: left;\">Terus-terusan berinteraksi dengan seorang manipulator dapat membuat Anda merasa buruk, bodoh, dan rendah. Meski kenyataannya tidaklah begitu, Anda bisa meyakini hal tersebut akibat manipulasinya. Bukan hal yang tidak mungkin jika lama-kelamaan Anda jatuh ke dalam&nbsp;<a href=\"https://www.alodokter.com/depresi\" target=\"_blank\" style=\"text-decoration: none; color: rgb(53, 112, 210);\">depresi</a>.</p><p style=\"font-size: 16px; margin: 10px 0px; text-align: left;\">Jadi, jika Anda memiliki masalah dengan orang yang suka memanipulasi atau mulai merasa terganggu dengan tindakan manipulatifnya, maupun menjadi korban&nbsp;<a href=\"https://www.alodokter.com/tanda-breadcrumbing-dan-cara-menghadapinya-agar-tidak-patah-hati\" target=\"_blank\" style=\"text-decoration: none; color: rgb(53, 112, 210);\"><em>breadcrumbing</em></a> atau terjebak dalam hubungan&nbsp;<a href=\"https://www.alodokter.com/seputar-gaslighting-beserta-tanda-tanda-dan-cara-menghadapinya\" target=\"_blank\" style=\"text-decoration: none; color: rgb(53, 112, 210);\"><em>gaslighting</em></a>, cobalah untuk menjaga jarak. Jika tidak mungkin untuk menjaga jarak atau sudah mulai merasa tertekan akibat tindakan mereka, tidak ada salahnya untuk berkonsultasi ke&nbsp;<a href=\"https://www.alodokter.com/cari-dokter/psikolog\" target=\"_blank\" style=\"text-decoration: none; color: rgb(53, 112, 210);\">psikolog</a>.</p></div></div><div style=\"margin-top: 11px; height: 23px; font-size: 14px; font-weight: 400; font-style: normal; font-stretch: normal; line-height: 1.92; letter-spacing: normal; color: rgb(67, 67, 67); margin-bottom: 8px; font-family: LatoWeb, sans-serif; font-variant-ligatures: normal; font-variant-caps: normal; orphans: 2; text-align: left; text-indent: 0px; text-transform: none; white-space: normal; widows: 2; word-spacing: 0px; -webkit-text-stroke-width: 0px; text-decoration-thickness: initial; text-decoration-style: initial; text-decoration-color: initial;\">Terakhir diperbarui: 23 Januari 2021</div><div style=\"margin-bottom: 8px; text-align: left;\">Ditinjau oleh: dr. Meva Nareza</div>');
  INSERT INTO `t_artikel` VALUES ('27', 'takaran.jpg', 'Takaran Susu Bayi dan Cara Membuatnya', '2', 'Selain cara membuat, takaran susu bayi juga perlu diperhatikan. Hal ini penting diketahui untuk mencukupi kebutuhan susu yang dibutuhkan demi tumbuh kembang bayi yang optimal.', 'https://www.alodokter.com/takaran-susu-bayi-dan-cara-membuatnya', '<p><span style=\"color: rgb(59, 55, 56); font-family: LatoWeb, sans-serif; font-size: 16px; font-style: normal; font-variant-ligatures: normal; font-variant-caps: normal; font-weight: 400; letter-spacing: normal; orphans: 2; text-align: start; text-indent: 0px; text-transform: none; white-space: normal; widows: 2; word-spacing: 0px; -webkit-text-stroke-width: 0px; text-decoration-thickness: initial; text-decoration-style: initial; text-decoration-color: initial; display: inline !important; float: none;\" id=\"isPasted\">Manfaat pemberian&nbsp;</span><a href=\"https://www.alodokter.com/13-manfaat-memberikan-asi-eksklusif\" target=\"_blank\" style=\"text-decoration: none; color: rgb(53, 112, 210); font-family: LatoWeb, sans-serif; font-size: 16px; font-style: normal; font-variant-ligatures: normal; font-variant-caps: normal; font-weight: 400; letter-spacing: normal; orphans: 2; text-align: start; text-indent: 0px; text-transform: none; white-space: normal; widows: 2; word-spacing: 0px; -webkit-text-stroke-width: 0px;\">ASI eksklusif</a><span style=\"color: rgb(59, 55, 56); font-family: LatoWeb, sans-serif; font-size: 16px; font-style: normal; font-variant-ligatures: normal; font-variant-caps: normal; font-weight: 400; letter-spacing: normal; orphans: 2; text-align: start; text-indent: 0px; text-transform: none; white-space: normal; widows: 2; word-spacing: 0px; -webkit-text-stroke-width: 0px; text-decoration-thickness: initial; text-decoration-style: initial; text-decoration-color: initial; display: inline !important; float: none;\">&nbsp;di 6 bulan kehidupan pertama bayi memang sudah tak diragukan. Namun, pada kondisi tertentu, Bunda mungkin tidak memiliki pilihan untuk mengganti atau menggabungkan pemberian ASI dengan susu formula.</span></p><div style=\"margin-bottom: 25px; position: relative; color: rgb(59, 55, 56); font-family: LatoWeb, sans-serif; font-size: 16px; font-style: normal; font-variant-ligatures: normal; font-variant-caps: normal; font-weight: 400; letter-spacing: normal; orphans: 2; text-align: start; text-indent: 0px; text-transform: none; white-space: normal; widows: 2; word-spacing: 0px; -webkit-text-stroke-width: 0px; text-decoration-thickness: initial; text-decoration-style: initial; text-decoration-color: initial;\" id=\"isPasted\"><div data-id=\"63fc0637c794930025b506a2\" style=\"line-height: 1.75;\"><p style=\"font-size: 16px; margin: 10px 0px;\">Jika Si Kecil tidak bisa mendapatkan ASI eksklusif, pemberian&nbsp;<a href=\"https://www.alodokter.com/rekomendasi-susu-bayi-terbaik-untuk-tumbuh-kembang-anak\" target=\"_blank\" style=\"text-decoration: none; color: rgb(53, 112, 210);\">susu formula</a> bisa jadi alternatif terbaik untuk memenuhi kebutuhan nutrisinya. Susu formula bayi umumnya terbuat dari susu sapi yang telah ditambahkan nutrisi menyerupai kandungan ASI, untuk mendukung tumbuh kembang bayi secara optimal.</p><p style=\"font-size: 16px; margin: 10px 0px;\">Sebelum&nbsp;<a href=\"https://www.alodokter.com/memilih-susu-formula-untuk-bayi\" target=\"_blank\" style=\"text-decoration: none; color: rgb(53, 112, 210);\">memberikan susu formula</a>, ada aturan yang perlu Bunda perhatikan. Salah satunya adalah takaran susu bayi yang harus disesuaikan dengan usia hingga berat badannya. Hal ini dilakukan untuk menghindari kelebihan atau kekurangan nutrisi yang dibutuhkan oleh bayi.</p><h3 style=\"font-size: 17px; font-weight: bold; font-style: normal; font-stretch: normal; line-height: 1.32; letter-spacing: -0.3px; margin-top: 32px; margin-bottom: 0px;\"><strong>Takaran Susu Bayi yang Perlu Diperhatikan</strong></h3><p style=\"font-size: 16px; margin: 10px 0px;\">Takaran susu bayi baru lahir baiknya memang diberikan sesuai dengan kebutuhan, atau setiap kali Si Kecil tampak lapar. Seiring pertambahan usia, takaran susu bayi akan menyesuaikan dengan berat badan, kondisi, dan kebutuhannya.</p><p style=\"font-size: 16px; margin: 10px 0px;\">Umumnya, dalam sehari bayi membutuhkan antara 150&ndash;200 ml susu formula per kilogram berat badannya. Misalnya, jika berat badan Si Kecil adalah 3 kilogram, artinya ia membutuhkan takaran susu bayi sebanyak 450&ndash;600 ml per harinya.</p><p style=\"font-size: 16px; margin: 10px 0px;\">Pastikan juga Bunda selalu membaca saran penyajian pada kemasan sebelum memberikan susu pada Si Kecil. Pasalnya, masing-masing merek susu formula memiliki sendok takaran berbeda yang harus ditambahkan air dengan jumlah tertentu.</p><p style=\"font-size: 16px; margin: 10px 0px;\">Namun secara garis besar, takaran susu formula akan disesuaikan dengan usia Si Kecil dengan panduan sebagai berikut:</p><ul><li>Bayi baru lahir sampai 1 bulan, rata-rata diberikan takaran sebanyak 45&ndash;90 ml setiap 2&ndash;3 jam.</li><li>Bayi berusia 2 bulan, umumnya diberikan takaran susu antara 90&ndash;120 ml setiap 3&ndash;4 jam sekali.</li><li>Bayi berusia 4 bulan, takaran susu bayi yang dibutuhkan meningkat menjadi sekitar 120&ndash;180 ml, tergantung dari frekuensi menyusu.</li><li>Bayi berusia 6 bulan, takaran dan frekuensi menyusunya juga meningkat menjadi 180&ndash;230 ml, dengan frekuensi pemberiannya sebanyak 4&ndash;5 kali sehari.</li><li>Bayi berusia 6&ndash;12 bulan, takaran susu bayi yang diberikan sekitar 200&ndash;240 ml, dengan frekuensi 4&ndash;6 kali sehari yang diberikan disela jam makan utamanya, atau makanan pendamping ASI (MPASI).</li></ul><h3 style=\"font-size: 17px; font-weight: bold; font-style: normal; font-stretch: normal; line-height: 1.32; letter-spacing: -0.3px; margin-top: 32px; margin-bottom: 0px;\"><strong>Cara Membuat Susu Formula untuk Bayi</strong></h3><p style=\"font-size: 16px; margin: 10px 0px;\">Untuk memastikan nutrisi dan kebersihan susu formula bayi, selalu gunakan air matang yang sudah direbus dan didiamkan sekitar 30 menit. Hal ini bertujuan untuk menjaga suhu air berkisar 70&deg;C untuk membunuh kuman. Selain itu, pastikan Bunda membaca tanggal kedaluwarsa produk susu sebelum diberikan kepada Si Kecil.</p><p style=\"font-size: 16px; margin: 10px 0px;\">Setelah mengetahui takaran susu bayi yang sesuai, Bunda bisa&nbsp;<a href=\"https://www.alodokter.com/penting-ini-7-kesalahan-dalam-menyiapkan-susu-bubuk-formula\" target=\"_blank\" style=\"text-decoration: none; color: rgb(53, 112, 210);\">mempersiapkan susu formula</a> dengan memerhatikan standar kebersihan dan keamanan. Berikut ini adalah cara membuat susu formula untuk bayi:</p><ul><li>Cuci tangan terlebih dulu menggunakan sabun dan air mengalir.</li><li>Siapkan&nbsp;<a href=\"https://www.alodokter.com/cara-sterilisasi-botol-susu-untuk-menjaga-kesehatan-bayi\" target=\"_blank\" style=\"text-decoration: none; color: rgb(53, 112, 210);\">botol susu</a> dan dot bayi dalam keadaan bersih dan steril.</li><li>Tuangkan air sesuai dengan jumlah yang tertera pada kemasan.</li><li>Tuangkan susu sesuai dengan takaran yang tertera pada kemasan.</li><li>Pasang dot dan tutupnya, lalu kocok hingga air dan susu tercampur.</li></ul><p style=\"font-size: 16px; margin: 10px 0px;\">Sebelum memberikan susu kepada Si Kecil, Bunda juga perlu memeriksa suhu susu dengan meneteskannya terlebih dahulu di kulit. Berikan susu kepada bayi jika sudah terasa suam-suam kuku atau tidak panas.</p><p style=\"font-size: 16px; margin: 10px 0px;\">Bunda juga harus memastikan jumlah air dan takaran susu bayi sesuai dengan petunjuk penyajiannya. Menggunakan terlalu banyak air bisa mengurangi nutrisi susu formula, sedangkan terlalu sedikit air justru bisa menyebabkan bayi mengalami dehidrasi.</p><p style=\"font-size: 16px; margin: 10px 0px;\">Namun, sebelum memilih jenis susu formula, Bunda disarankan untuk berkonsultasi dahulu dengan&nbsp;<a href=\"https://www.alodokter.com/konsultasi-dokter-anak\" target=\"_blank\" style=\"text-decoration: none; color: rgb(53, 112, 210);\">dokter anak</a>. Dokter akan memberikan saran jenis dan takaran susu bayi yang sesuai dengan usia, berat badan, dan kondisi kesehatan Si Kecil.</p><p style=\"font-size: 16px; margin: 10px 0px;\">Jika Si Kecil menunjukkan gejala alergi susu, seperti muncul ruam, muntah, diare, atau sesak napas, sebaiknya hentikan pemberian susu formula dan segera periksakan ke&nbsp;<a href=\"https://www.alodokter.com/cari-dokter/dokter-anak?page=1\" target=\"_blank\" style=\"text-decoration: none; color: rgb(53, 112, 210);\">dokter</a>. Dengan demikian, penyebab keluhan bisa dipastikan dan mendapatkan penanganan yang sesuai, termasuk menyarankan jenis dan takaran susu bayi yang sesuai.</p></div></div><div style=\"margin-top: 11px; height: 23px; font-size: 14px; font-weight: 400; font-style: normal; font-stretch: normal; line-height: 1.92; letter-spacing: normal; color: rgb(67, 67, 67); margin-bottom: 8px; font-family: LatoWeb, sans-serif; font-variant-ligatures: normal; font-variant-caps: normal; orphans: 2; text-align: start; text-indent: 0px; text-transform: none; white-space: normal; widows: 2; word-spacing: 0px; -webkit-text-stroke-width: 0px; text-decoration-thickness: initial; text-decoration-style: initial; text-decoration-color: initial;\">Terakhir diperbarui: 25 Februari 2023</div><div style=\"margin-bottom: 8px;\">Ditinjau oleh: dr. Sienny Agustin</div>');
  INSERT INTO `t_artikel` VALUES ('28', 'sinbiotik.jpg', 'Mengenal Sinbiotik, Kandungan yang Dapat Mencegah ', '2', 'Alergi memang berisiko diturunkan dari orang tua ke anak. Namun, jika Anda menderita alergi, bukan berarti Si Kecil juga pasti akan memiliki alergi dan tidak ada yang bisa Anda lakukan untuk mencegahnya, lho. Nyatanya, alergi bisa dicegah dengan memberika', 'https://www.alodokter.com/mengenal-sinbiotik-kandungan-yang-dapat-mencegah-alergi-pada-anak', '<p><a href=\"https://www.alodokter.com/alergi\" target=\"_blank\" style=\"text-decoration: none; color: rgb(53, 112, 210); font-family: LatoWeb, sans-serif; font-size: 16px; font-style: normal; font-variant-ligatures: normal; font-variant-caps: normal; font-weight: 400; letter-spacing: normal; orphans: 2; text-align: start; text-indent: 0px; text-transform: none; white-space: normal; widows: 2; word-spacing: 0px; -webkit-text-stroke-width: 0px;\" id=\"isPasted\">Alergi</a><span style=\"color: rgb(59, 55, 56); font-family: LatoWeb, sans-serif; font-size: 16px; font-style: normal; font-variant-ligatures: normal; font-variant-caps: normal; font-weight: 400; letter-spacing: normal; orphans: 2; text-align: start; text-indent: 0px; text-transform: none; white-space: normal; widows: 2; word-spacing: 0px; -webkit-text-stroke-width: 0px; text-decoration-thickness: initial; text-decoration-style: initial; text-decoration-color: initial; display: inline !important; float: none;\">&nbsp;merupakan reaksi berlebihan dari sistem kekebalan tubuh terhadap suatu zat atau makanan yang sebetulnya tidak berbahaya. Penyebab munculnya alergi belum diketahui secara pasti, tetapi ada banyak faktor yang dapat meningkatkan risiko anak untuk memiliki kondisi ini. Salah satunya adalah faktor keturunan atau genetik.</span></p><div style=\"margin-bottom: 25px; position: relative; color: rgb(59, 55, 56); font-family: LatoWeb, sans-serif; font-size: 16px; font-style: normal; font-variant-ligatures: normal; font-variant-caps: normal; font-weight: 400; letter-spacing: normal; orphans: 2; text-align: start; text-indent: 0px; text-transform: none; white-space: normal; widows: 2; word-spacing: 0px; -webkit-text-stroke-width: 0px; text-decoration-thickness: initial; text-decoration-style: initial; text-decoration-color: initial;\" id=\"isPasted\"><div data-id=\"5ef5d5a476070408bf69015d\" style=\"line-height: 1.75;\"><p style=\"font-size: 16px; margin: 10px 0px;\">ika Anda memiliki alergi, jangan dulu pasrah dan langsung menghindarkan Si Kecil dari semua makanan atau bahan-bahan yang bisa menyebabkan alergi, ya.&nbsp;<a href=\"https://www.alodokter.com/penyebab-alergi-pada-anak-dan-cara-mencegahnya\" target=\"_blank\" style=\"text-decoration: none; color: rgb(53, 112, 210);\">Alergi pada anak</a> dapat dicegah sedini mungkin,&nbsp;<em>kok</em>. Salah satu upaya yang bisa dilakukan adalah memberikannya asupan sinbiotik.</p><h3 style=\"font-size: 17px; font-weight: bold; font-style: normal; font-stretch: normal; line-height: 1.32; letter-spacing: -0.3px; margin-top: 32px; margin-bottom: 0px;\"><strong>Manfaat Sinbiotik untuk Mencegah Alergi pada Anak</strong></h3><p style=\"font-size: 16px; margin: 10px 0px;\">Sinbiotik merupakan kombinasi dari probiotik dan prebiotik.&nbsp;<a href=\"https://www.alodokter.com/probiotik\" target=\"_blank\" style=\"text-decoration: none; color: rgb(53, 112, 210);\">Probiotik</a> adalah bakteri baik dalam&nbsp;<a href=\"https://www.alodokter.com/memahami-sistem-pencernaan-manusia\" target=\"_blank\" style=\"text-decoration: none; color: rgb(53, 112, 210);\">sistem pencernaan manusia</a>, sedangkan&nbsp;<a href=\"https://www.alodokter.com/prebiotik-serat-spesial-yang-kaya-akan-manfaat\" target=\"_blank\" style=\"text-decoration: none; color: rgb(53, 112, 210);\">prebiotik</a> adalah makanan bagi bakteri baik tersebut.</p><p style=\"font-size: 16px; margin: 10px 0px;\">Mengonsumsi sinbiotik diketahui memiliki efek yang lebih baik daripada mengonsumsi probiotik dan prebiotik secara terpisah. Sinbiotik akan menghambat pertumbuhan bakteri jahat dan mengganti bakteri baik yang hilang dari dalam usus, sekaligus memberi asupan makanan kepada bakteri baik sehingga jumlahnya tetap terjaga.</p><p style=\"font-size: 16px; margin: 10px 0px;\">Dengan menjaga keseimbangan bakteri baik, lapisan dinding usus menjadi lebih kuat dan tidak mudah bereaksi terhadap makanan yang dapat memicu alergi. Selain itu, bakteri baik juga dapat meningkatkan kerja sel-sel imun dalam sistem kekebalan tubuh yang mampu mencegah terjadinya alergi di luar usus.</p><p style=\"font-size: 16px; margin: 10px 0px;\">Jadi, bakteri baik tidak hanya bermanfaat untuk mencegah alergi yang disebabkan oleh makanan. Bahkan, ada sebuah penelitian terhadap anak-anak berusia di bawah 1 tahun yang menyatakan bahwa konsumsi sinbiotik merupakan cara yang efektif untuk mencegah dan mengobati&nbsp;<a href=\"https://www.alodokter.com/penanganan-dermatitis-atopik-dan-cara-mengendalikan-gejalanya\" target=\"_blank\" style=\"text-decoration: none; color: rgb(53, 112, 210);\">dermatitis atopik</a>, yaitu salah satu jenis alergi kulit yang umum terjadi.</p><p style=\"font-size: 16px; margin: 10px 0px;\">Saat ini, sudah ada susu formula yang diperkaya dengan sinbiotik. Namun, perlu diketahui bahwa tidak semua kombinasi prebiotik dan probiotik bisa memberikan manfaat yang maksimal untuk anak.</p><p style=\"font-size: 16px; margin: 10px 0px;\">Kombinasi probiotik&nbsp;<em>Bifidobacterium breve</em> (<em>B. breve</em>), serta prebiotik&nbsp;<em>frukto oligosakarida</em> (FOS) dan&nbsp;<em>galakto oligosakarida</em> (GOS) dapat dikatakan sebagai kombinasi yang paling ideal, karena paling mirip dengan kandungan ASI.</p><p style=\"font-size: 16px; margin: 10px 0px;\">Selain itu, kombinasi ini juga telah terbukti dapat menjaga kesehatan saluran cerna, meningkatkan sistem kekebalan tubuh, dan menurunkan risiko munculnya alergi pada anak. Jadi untuk mencegah Si Kecil terkena alergi, Anda bisa memberikannya susu formula dengan kandungan sinbiotik ini.</p><p style=\"font-size: 16px; margin: 10px 0px;\">Karena begitu pentingnya pencegahan dan antisipasi alergi sejak dini pada anak, ALODOKTER bekerja sama dengan Nutriclub mengadakan #PekanCegahAlergiAnak dengan tema &ldquo;Cegah Alergi dari Rumah&rdquo; yang berjudul &ldquo;Bukti Klinis Pencegahan Alergi Si Kecil dengan Sinbiotik&rdquo; melalui Instagram Live di akun @alodokter_id dan Youtube Nutriclub Indonesia pada tanggal 29 Juni 2020.</p><p style=\"font-size: 16px; margin: 10px 0px;\">Acara Pekan Cegah Alergi Anak (PCAA) ini diselenggarakan untuk memperingati Pekan Alergi Dunia atau&nbsp;<em>World Allergy Week&nbsp;</em>2020 serta untuk mengedukasi dan mengingatkan kembali para orang tua bahwa alergi pada anak adalah sesuatu yang dapat dicegah sedini mungkin.</p><p style=\"font-size: 16px; margin: 10px 0px;\"><em>Yuk</em>, catat tanggalnya dan ikuti acara PCAA ini, supaya Anda dapat lebih mengerti tentang alergi pada anak serta langkah-langkah apa yang bisa dilakukan untuk mencegahnya.</p></div></div><div style=\"margin-top: 11px; height: 23px; font-size: 14px; font-weight: 400; font-style: normal; font-stretch: normal; line-height: 1.92; letter-spacing: normal; color: rgb(67, 67, 67); margin-bottom: 8px; font-family: LatoWeb, sans-serif; font-variant-ligatures: normal; font-variant-caps: normal; orphans: 2; text-align: start; text-indent: 0px; text-transform: none; white-space: normal; widows: 2; word-spacing: 0px; -webkit-text-stroke-width: 0px; text-decoration-thickness: initial; text-decoration-style: initial; text-decoration-color: initial;\"><br></div><div style=\"margin-bottom: 8px;\">Ditinjau oleh: dr. Meva Nareza</div>');
  INSERT INTO `t_artikel` VALUES ('29', 'perutpanas.jpg', '8 Obat Perut Panas yang Mudah Didapatkan', '3', 'Obat perut panas dapat digunakan untuk mengatasi gejala yang timbul akibat konsumsi makanan atau penyakit tertentu. Berbagai jenis obat ini, baik obat alami maupun obat medis, sama efektifnya untuk meredakan keluhan perut panas.', 'https://www.alodokter.com/8-obat-perut-panas-yang-mudah-didapatkan', '<p><span style=\"color: rgb(59, 55, 56); font-family: LatoWeb, sans-serif; font-size: 16px; font-style: normal; font-variant-ligatures: normal; font-variant-caps: normal; font-weight: 400; letter-spacing: normal; orphans: 2; text-align: start; text-indent: 0px; text-transform: none; white-space: normal; widows: 2; word-spacing: 0px; -webkit-text-stroke-width: 0px; text-decoration-thickness: initial; text-decoration-style: initial; text-decoration-color: initial; display: inline !important; float: none;\" id=\"isPasted\">Perut terasa panas umumnya disebabkan oleh konsumsi makanan yang pedas. Selain itu, perut panas juga bisa terjadi akibat pola hidup yang tidak sehat, efek samping konsumsi obat, maupun merupakan tanda dari kondisi medis, seperti&nbsp;</span><a href=\"https://www.alodokter.com/penyakit-asam-lambung\" target=\"_blank\" style=\"text-decoration: none; color: rgb(53, 112, 210); font-family: LatoWeb, sans-serif; font-size: 16px; font-style: normal; font-variant-ligatures: normal; font-variant-caps: normal; font-weight: 400; letter-spacing: normal; orphans: 2; text-align: start; text-indent: 0px; text-transform: none; white-space: normal; widows: 2; word-spacing: 0px; -webkit-text-stroke-width: 0px;\">GERD</a><span style=\"color: rgb(59, 55, 56); font-family: LatoWeb, sans-serif; font-size: 16px; font-style: normal; font-variant-ligatures: normal; font-variant-caps: normal; font-weight: 400; letter-spacing: normal; orphans: 2; text-align: start; text-indent: 0px; text-transform: none; white-space: normal; widows: 2; word-spacing: 0px; -webkit-text-stroke-width: 0px; text-decoration-thickness: initial; text-decoration-style: initial; text-decoration-color: initial; display: inline !important; float: none;\">,&nbsp;</span><a href=\"https://www.alodokter.com/gastritis\" target=\"_blank\" style=\"text-decoration: none; color: rgb(53, 112, 210); font-family: LatoWeb, sans-serif; font-size: 16px; font-style: normal; font-variant-ligatures: normal; font-variant-caps: normal; font-weight: 400; letter-spacing: normal; orphans: 2; text-align: start; text-indent: 0px; text-transform: none; white-space: normal; widows: 2; word-spacing: 0px; -webkit-text-stroke-width: 0px;\">gastritis</a><span style=\"color: rgb(59, 55, 56); font-family: LatoWeb, sans-serif; font-size: 16px; font-style: normal; font-variant-ligatures: normal; font-variant-caps: normal; font-weight: 400; letter-spacing: normal; orphans: 2; text-align: start; text-indent: 0px; text-transform: none; white-space: normal; widows: 2; word-spacing: 0px; -webkit-text-stroke-width: 0px; text-decoration-thickness: initial; text-decoration-style: initial; text-decoration-color: initial; display: inline !important; float: none;\">,&nbsp;</span><a href=\"https://www.alodokter.com/sindrom-dispepsia-seperti-ini-gejala-dan-cara-mengobatinya\" target=\"_blank\" style=\"text-decoration: none; color: rgb(53, 112, 210); font-family: LatoWeb, sans-serif; font-size: 16px; font-style: normal; font-variant-ligatures: normal; font-variant-caps: normal; font-weight: 400; letter-spacing: normal; orphans: 2; text-align: start; text-indent: 0px; text-transform: none; white-space: normal; widows: 2; word-spacing: 0px; -webkit-text-stroke-width: 0px;\">dispepsia</a><span style=\"color: rgb(59, 55, 56); font-family: LatoWeb, sans-serif; font-size: 16px; font-style: normal; font-variant-ligatures: normal; font-variant-caps: normal; font-weight: 400; letter-spacing: normal; orphans: 2; text-align: start; text-indent: 0px; text-transform: none; white-space: normal; widows: 2; word-spacing: 0px; -webkit-text-stroke-width: 0px; text-decoration-thickness: initial; text-decoration-style: initial; text-decoration-color: initial; display: inline !important; float: none;\">, dan&nbsp;</span><a href=\"https://www.alodokter.com/irritable-bowel-syndrome\" target=\"_blank\" style=\"text-decoration: none; color: rgb(53, 112, 210); font-family: LatoWeb, sans-serif; font-size: 16px; font-style: normal; font-variant-ligatures: normal; font-variant-caps: normal; font-weight: 400; letter-spacing: normal; orphans: 2; text-align: start; text-indent: 0px; text-transform: none; white-space: normal; widows: 2; word-spacing: 0px; -webkit-text-stroke-width: 0px;\">sindrom iritasi usus besar</a><span style=\"color: rgb(59, 55, 56); font-family: LatoWeb, sans-serif; font-size: 16px; font-style: normal; font-variant-ligatures: normal; font-variant-caps: normal; font-weight: 400; letter-spacing: normal; orphans: 2; text-align: start; text-indent: 0px; text-transform: none; white-space: normal; widows: 2; word-spacing: 0px; -webkit-text-stroke-width: 0px; text-decoration-thickness: initial; text-decoration-style: initial; text-decoration-color: initial; display: inline !important; float: none;\">. Untuk mengatasinya, ada berbagai obat perut panas yang bisa dikonsumsi.</span></p><div style=\"margin-bottom: 25px; position: relative; color: rgb(59, 55, 56); font-family: LatoWeb, sans-serif; font-size: 16px; font-style: normal; font-variant-ligatures: normal; font-variant-caps: normal; font-weight: 400; letter-spacing: normal; orphans: 2; text-align: start; text-indent: 0px; text-transform: none; white-space: normal; widows: 2; word-spacing: 0px; -webkit-text-stroke-width: 0px; text-decoration-thickness: initial; text-decoration-style: initial; text-decoration-color: initial;\" id=\"isPasted\"><div data-id=\"643d63f09451c600267f6a70\" style=\"line-height: 1.75;\"><h3 style=\"font-size: 17px; font-weight: bold; font-style: normal; font-stretch: normal; line-height: 1.32; letter-spacing: -0.3px; margin-top: 32px; margin-bottom: 0px;\"><strong>Obat Perut Panas yang Mudah Didapatkan</strong></h3><p style=\"font-size: 16px; margin: 10px 0px;\">Perut panas akibat konsumsi makanan dan minuman tertentu dapat diatasi dengan menerapkan pola makan yang sehat, serta mengubah pola hidup. Namun, untuk meredakan perut panas yang disebabkan oleh kondisi medis, Anda perlu mengonsumi obat perut panas.</p><p style=\"font-size: 16px; margin: 10px 0px;\">Berikut adalah beberapa obat perut panas yang dapat Anda pilih untuk meredakan keluhan tersebut:</p><h4 style=\"font-size: 17px; font-weight: bold; font-style: normal; font-stretch: normal; line-height: 1.32; letter-spacing: -0.3px; margin-top: 32px; margin-bottom: 0px;\"><strong>1. Teh&nbsp;<em>chamomile</em></strong></h4><p style=\"font-size: 16px; margin: 10px 0px;\">Secangkir&nbsp;<a href=\"https://www.alodokter.com/manfaat-teh-chamomile-bisa-membantumu-tidur-nyenyak\" target=\"_blank\" style=\"text-decoration: none; color: rgb(53, 112, 210);\">teh&nbsp;<em>chamomile</em></a> hangat tidak hanya dapat membuat tidur menjadi nyenyak, tetapi juga dapat menjadi obat perut panas. Teh herbal ini akan bekerja dengan meredakan nyeri dan mengurangi produksi asam lambung, sehingga rasa panas di perut pun berkurang.</p><p style=\"font-size: 16px; margin: 10px 0px;\">Manfaat teh&nbsp;<em>chamomile</em> ini diperoleh dari senyawa polifenol di dalamnya. Senyawa ini memiliki efek antiradang yang akan mengurangi nyeri serta perut panas.</p><p style=\"font-size: 16px; margin: 10px 0px;\">Anda dapat menikmati manfaat teh&nbsp;<em>chamomile</em> sebagai obat perut panas dengan menyeduh 1 kantong teh&nbsp;<em>chamomile</em> dalam secangkir air hangat. Untuk meningkatkan cita rasa&nbsp;teh tersebut, Anda bisa menambahkan madu.</p><h4 style=\"font-size: 17px; font-weight: bold; font-style: normal; font-stretch: normal; line-height: 1.32; letter-spacing: -0.3px; margin-top: 32px; margin-bottom: 0px;\"><strong>2. Teh&nbsp;<em>peppermint</em></strong></h4><p style=\"font-size: 16px; margin: 10px 0px;\">Selain menenangkan,&nbsp;<a href=\"https://www.alodokter.com/sederet-manfaat-teh-peppermint-untuk-kesehatan\" target=\"_blank\" style=\"text-decoration: none; color: rgb(53, 112, 210);\">teh&nbsp;<em>peppermint</em></a> juga berkhasiat sebagai obat perut panas. Senyawa mentol dan metil salisilat di dalam teh herbal ini dapat merelaksasi usus, sehingga efektif untuk meredakan perut panas.</p><p style=\"font-size: 16px; margin: 10px 0px;\">Mengonsumsi secangkir teh daun&nbsp;<em>peppermint</em> kering setelah makan juga dapat mengatasi sembelit yang disebabkan oleh sindrom iritasi usus besar. Selain itu, teh&nbsp;<em>peppermint</em> juga bisa melancarkan cairan empedu ke saluran pencernaan, sehingga makanan bisa diproses lebih cepat.</p><h4 style=\"font-size: 17px; font-weight: bold; font-style: normal; font-stretch: normal; line-height: 1.32; letter-spacing: -0.3px; margin-top: 32px; margin-bottom: 0px;\"><strong>3. Jahe</strong></h4><p style=\"font-size: 16px; margin: 10px 0px;\">Perut panas karena asam lambung juga dapat diatasi dengan mengonsumsi&nbsp;<a href=\"https://www.alodokter.com/lima-manfaat-jahe-bagi-kesehatan\" target=\"_blank\" style=\"text-decoration: none; color: rgb(53, 112, 210);\">jahe</a>. Kandungan senyawa&nbsp;<em>gingerol</em> dan&nbsp;<em>shogaol</em> dalam jahe efektif mengurangi produksi asam lambung. Dengan demikian, jahe dapat menjadi salah satu pilihan obat perut panas. Meski begitu, jahe mungkin memberikan efek yang berbeda untuk setiap orang.</p><p style=\"font-size: 16px; margin: 10px 0px;\">Anda dapat memanfaatkan jahe sebagai obat perut panas dengan mengolahnya sebagai teh atau wedang jahe, menambakannya dalam masakan, hingga mengonsumsi ekstrak atau suplemen jahe.</p><h4 style=\"font-size: 17px; font-weight: bold; font-style: normal; font-stretch: normal; line-height: 1.32; letter-spacing: -0.3px; margin-top: 32px; margin-bottom: 0px;\"><strong>4.<em>&nbsp;Baking</em> soda</strong></h4><p style=\"font-size: 16px; margin: 10px 0px;\">Jika perut panas yang Anda alami disebabkan oleh gastritis, GERD, dan dispepsia, Anda bisa mengatasinya dengan mengonsumsi ramuan&nbsp;<a href=\"https://www.alodokter.com/tidak-hanya-untuk-masak-ini-manfaat-baking-soda-yang-jarang-diketahui\" target=\"_blank\" style=\"text-decoration: none; color: rgb(53, 112, 210);\"><em>baking</em> soda</a>.</p><p style=\"font-size: 16px; margin: 10px 0px;\">Anda dapat mencampurkan 1/2 sendok teh&nbsp;<em>baking</em> soda ke dalam setengah cangkir air hangat lalu diminum setelah makan. Senyawa&nbsp;<a href=\"https://www.alodokter.com/natrium-bikarbonat\" target=\"_blank\" style=\"text-decoration: none; color: rgb(53, 112, 210);\">natrium bikarbonat</a> dalam baking soda akan membantu menetralkan asam lambung dengan cepat, sehingga rasa panas pada perut pun teratasi.</p><p style=\"font-size: 16px; margin: 10px 0px;\">Obat perut panas satu ini dapat memperlambat kerja tubuh dalam menyerap obat-obatan tertentu. Oleh karena itu, jika Anda sudah minum obat lain, tunggulah selama 2 jam sebelum mengonsumsi&nbsp;<em>baking</em> soda.</p><h4 style=\"font-size: 17px; font-weight: bold; font-style: normal; font-stretch: normal; line-height: 1.32; letter-spacing: -0.3px; margin-top: 32px; margin-bottom: 0px;\"><strong>5. Biji adas</strong></h4><p style=\"font-size: 16px; margin: 10px 0px;\">Biji adas terbukti efektif dalam mengatasi perut panas. Biji adas dapat melemaskan usus, sehingga perut panas membaik. Manfaat ini diperoleh dari senyawa&nbsp;<em>anethole</em> dalam biji adas yang bersifat antiradang. Selain itu, senyawa ini juga bersifat antibakteri, sehingga dapat membantu mengatasi perut kembung yang disebabkan oleh infeksi bakteri&nbsp;<em>H. pylori</em>.</p><p style=\"font-size: 16px; margin: 10px 0px;\">Untuk mendapatkan khasiat biji adas sebagai obat perut panas, Anda bisa menghaluskan biji adas dan mengonsumsinya sebagai teh atau menambahkannya ke dalam masakan. Selain itu, Anda juga dapat mengonsumsi olahan biji adas sebagai suplemen yang banyak dijual dalam bentuk kapsul.</p><h4 style=\"font-size: 17px; font-weight: bold; font-style: normal; font-stretch: normal; line-height: 1.32; letter-spacing: -0.3px; margin-top: 32px; margin-bottom: 0px;\"><strong>6. Antasida</strong></h4><p style=\"font-size: 16px; margin: 10px 0px;\"><a href=\"https://www.alodokter.com/antasida\" style=\"text-decoration: none; color: rgb(53, 112, 210);\">Antasida</a> adalah obat perut panas yang disebabkan oleh gastritis dan GERD. Obat ini akan menetralkan asam lambung dengan cara menghentikan enzim yang memproduksi asam. Dengan demikian, rasa panas pada perut pun berkurang.</p><p style=\"font-size: 16px; margin: 10px 0px;\">Antasida dapat dibeli secara bebas dan tersedia dalam bentuk tablet kunyah serta suspensi. Setelah mengonsumsi obat perut panas ini, Anda mungkin merasa seperti mengecap kapur. Untuk mengatasinya, Anda dapat minum air atau susu.</p><p style=\"font-size: 16px; margin: 10px 0px;\">Beberapa obat perut panas yang termasuk dalam golongan antasida adalah&nbsp;<a href=\"https://www.alodokter.com/aluminium-hidroksida\" target=\"_blank\" style=\"text-decoration: none; color: rgb(53, 112, 210);\">alumunium hidroksida</a>,&nbsp;<a href=\"https://www.alodokter.com/magnesium-hidroksida\" target=\"_blank\" style=\"text-decoration: none; color: rgb(53, 112, 210);\">magnesium hidroksida</a>, magnesium karbonat, magnesium trisilikat, dan&nbsp;<a href=\"https://www.alodokter.com/kalsium-karbonat\" target=\"_blank\" style=\"text-decoration: none; color: rgb(53, 112, 210);\">kalsium karbonat</a>.</p><h4 style=\"font-size: 17px; font-weight: bold; font-style: normal; font-stretch: normal; line-height: 1.32; letter-spacing: -0.3px; margin-top: 32px; margin-bottom: 0px;\"><strong>7. Penghambat pompa proton</strong></h4><p style=\"font-size: 16px; margin: 10px 0px;\"><a href=\"https://www.alodokter.com/penghambat-pompa-proton\" target=\"_blank\" style=\"text-decoration: none; color: rgb(53, 112, 210);\">Penghambat pompa proton</a> juga bisa Anda gunakan untuk meredakan perut panas. Obat perut panas ini bekerja dengan cara mengurangi produksi asam lambung oleh dinding lambung, sehingga perut panas pun berkurang.</p><p style=\"font-size: 16px; margin: 10px 0px;\">Konsumsilah obat perut panas ini sesuai dengan dosis yang tertera pada kemasan atau sesuai arahan dokter untuk mendapatkan manfaat yang maksimal. Beberapa efek samping yang mungkin ditimbulkan oleh obat ini adalah sakit kepala, diare, sembelit, dan mual.</p><p style=\"font-size: 16px; margin: 10px 0px;\">Obat perut panas yang termasuk ke dalam golongan penghambat pompa proton adalah&nbsp;<a href=\"https://www.alodokter.com/omeprazole\" target=\"_blank\" style=\"text-decoration: none; color: rgb(53, 112, 210);\">omeprazole</a>,&nbsp;<a href=\"https://www.alodokter.com/esomeprazole\" target=\"_blank\" style=\"text-decoration: none; color: rgb(53, 112, 210);\">esomeprazole</a>,&nbsp;<a href=\"https://www.alodokter.com/lansoprazole\" target=\"_blank\" style=\"text-decoration: none; color: rgb(53, 112, 210);\">lansoprazole</a>,&nbsp;<a href=\"https://www.alodokter.com/pantoprazole\" target=\"_blank\" style=\"text-decoration: none; color: rgb(53, 112, 210);\">pantoprazole</a>, dan&nbsp;<a href=\"https://www.alodokter.com/rabeprazole\" target=\"_blank\" style=\"text-decoration: none; color: rgb(53, 112, 210);\">rabeprazole</a>. Umumnya obat golongan ini tersedia dalam bentuk tablet, kaplet, atau kapsul.</p><h4 style=\"font-size: 17px; font-weight: bold; font-style: normal; font-stretch: normal; line-height: 1.32; letter-spacing: -0.3px; margin-top: 32px; margin-bottom: 0px;\"><strong>8. Antagonis H2</strong></h4><p style=\"font-size: 16px; margin: 10px 0px;\">Perut panas juga bisa diatasi dengan mengonsumsi obat golongan&nbsp;<a href=\"https://www.alodokter.com/antagonis-h2\" target=\"_blank\" style=\"text-decoration: none; color: rgb(53, 112, 210);\">antagonis H2</a> atau&nbsp;<em>histamine 2 blocker</em>. Obat ini bekerja dengan cara mengurangi jumlah asam lambung yang dikeluarkan oleh kelenjar pada lapisan lambung. Dengan demikian, rasa panas pada perut pun dapat teratasi.</p><p style=\"font-size: 16px; margin: 10px 0px;\">Obat golongan antagonis H2 tersedia dalam bentuk tablet, kapsul dan sirop. Obat perut panas satu ini hanya dapat Anda konsumsi dengan resep dokter. Beberapa obat yang termasuk ke dalam golongan antagonis H2 adalah&nbsp;<a href=\"https://www.alodokter.com/cimetidine\" target=\"_blank\" style=\"text-decoration: none; color: rgb(53, 112, 210);\">cimetidine</a>,&nbsp;<a href=\"https://www.alodokter.com/famotidine\" target=\"_blank\" style=\"text-decoration: none; color: rgb(53, 112, 210);\">famotidine</a>, dan&nbsp;<a href=\"https://www.alodokter.com/ranitidin\" target=\"_blank\" style=\"text-decoration: none; color: rgb(53, 112, 210);\">ranitidine</a>.</p><p style=\"font-size: 16px; margin: 10px 0px;\">Konsumsi obat golongan antagonis H2 dapat menimbulkan efek samping berupa sakit kepala, diare, ruam, dan&nbsp;<a href=\"https://www.alodokter.com/ginekomastia\" target=\"_blank\" style=\"text-decoration: none; color: rgb(53, 112, 210);\">ginekomastia</a>.</p><p style=\"font-size: 16px; margin: 10px 0px;\">Bila Anda telah mengonsumsi obat perut panas di atas tetapi keluhan masih juga tidak membaik, periksakanlah kondisi ini ke&nbsp;<a href=\"https://www.alodokter.com/cari-dokter/dokter-umum?page=1\" target=\"_blank\" style=\"text-decoration: none; color: rgb(53, 112, 210);\">dokter</a>. Setelah melakukan pemeriksaan, dokter akan memberikan penanganan yang sesuai dengan kondisi Anda.</p></div></div><div style=\"margin-top: 11px; height: 23px; font-size: 14px; font-weight: 400; font-style: normal; font-stretch: normal; line-height: 1.92; letter-spacing: normal; color: rgb(67, 67, 67); margin-bottom: 8px; font-family: LatoWeb, sans-serif; font-variant-ligatures: normal; font-variant-caps: normal; orphans: 2; text-align: start; text-indent: 0px; text-transform: none; white-space: normal; widows: 2; word-spacing: 0px; -webkit-text-stroke-width: 0px; text-decoration-thickness: initial; text-decoration-style: initial; text-decoration-color: initial;\">Terakhir diperbarui: 10 April 2023</div><div style=\"margin-bottom: 8px;\">Ditinjau oleh: dr. Sienny Agustin</div>');
  INSERT INTO `t_artikel` VALUES ('30', 'capgras.jpg', 'Capgras Syndrome, Kondisi Saat Tidak Mengenali Waj', '3', 'Capgras syndrome adalah kondisi langka yang membuat penderitanya meyakini bahwa orang lain berpura-pura menggantikan orang yang ia kenal. Ini terjadi akibat kerusakan otak yang membuatnya tidak bisa membedakan mana hal yang nyata dan tidak.', 'https://www.alodokter.com/capgras-syndrome-kondisi-saat-tidak-mengenali-wajah-orang-terdekat', '<p><span style=\"color: rgb(59, 55, 56); font-family: LatoWeb, sans-serif; font-size: 16px; font-style: normal; font-variant-ligatures: normal; font-variant-caps: normal; font-weight: 400; letter-spacing: normal; orphans: 2; text-align: start; text-indent: 0px; text-transform: none; white-space: normal; widows: 2; word-spacing: 0px; -webkit-text-stroke-width: 0px; text-decoration-thickness: initial; text-decoration-style: initial; text-decoration-color: initial; display: inline !important; float: none;\" id=\"isPasted\">Orang dengan Capgras syndrome umumnya mengalami&nbsp;</span><a href=\"https://www.alodokter.com/penderita-gangguan-delusi-suka-meyakini-yang-aneh-aneh\" target=\"_blank\" style=\"text-decoration: none; color: rgb(53, 112, 210); font-family: LatoWeb, sans-serif; font-size: 16px; font-style: normal; font-variant-ligatures: normal; font-variant-caps: normal; font-weight: 400; letter-spacing: normal; orphans: 2; text-align: start; text-indent: 0px; text-transform: none; white-space: normal; widows: 2; word-spacing: 0px; -webkit-text-stroke-width: 0px;\">delusi</a><span style=\"color: rgb(59, 55, 56); font-family: LatoWeb, sans-serif; font-size: 16px; font-style: normal; font-variant-ligatures: normal; font-variant-caps: normal; font-weight: 400; letter-spacing: normal; orphans: 2; text-align: start; text-indent: 0px; text-transform: none; white-space: normal; widows: 2; word-spacing: 0px; -webkit-text-stroke-width: 0px; text-decoration-thickness: initial; text-decoration-style: initial; text-decoration-color: initial; display: inline !important; float: none;\">&nbsp;sehingga tidak mampu membedakan sesuatu yang nyata dan tidak. Penderita sindrom ini meyakini bahwa orang lain memiliki niat buruk terhadapnya dengan berpura-pura menjadi sosok orang yang mereka kenal.</span></p><div style=\"margin-bottom: 25px; position: relative; color: rgb(59, 55, 56); font-family: LatoWeb, sans-serif; font-size: 16px; font-style: normal; font-variant-ligatures: normal; font-variant-caps: normal; font-weight: 400; letter-spacing: normal; orphans: 2; text-align: start; text-indent: 0px; text-transform: none; white-space: normal; widows: 2; word-spacing: 0px; -webkit-text-stroke-width: 0px; text-decoration-thickness: initial; text-decoration-style: initial; text-decoration-color: initial;\" id=\"isPasted\"><div data-id=\"647d47fc5c5de3002643a09e\" style=\"line-height: 1.75;\"><p style=\"font-size: 16px; margin: 10px 0px;\">Beberapa penelitian menunjukkan bahwa Capgras syndrome lebih sering terjadi pada wanita daripada pria, terutama yang usianya paruh baya.</p><h3 style=\"font-size: 17px; font-weight: bold; font-style: normal; font-stretch: normal; line-height: 1.32; letter-spacing: -0.3px; margin-top: 32px; margin-bottom: 0px;\"><strong>Penyebab Capgras Syndrome</strong></h3><p style=\"font-size: 16px; margin: 10px 0px;\">Belum diketahui secara pasti apa penyebab Capragas syndrome. Namun, adanya kerusakan fungsi atau struktur&nbsp;<a href=\"https://www.alodokter.com/betapa-canggihnya-fungsi-otak-manusia\" target=\"_blank\" style=\"text-decoration: none; color: rgb(53, 112, 210);\">otak</a>, terutama otak bagian kanan, bisa memicu seseorang mengalami sindrom ini.</p><p style=\"font-size: 16px; margin: 10px 0px;\">Otak bagian kanan berperan penting dalam memengaruhi cara otak untuk berpikir, berimajinasi, menerima atau memproses informasi, serta mengingat. Oleh karena itu, saat otak bagian kanan mengalami kerusakan, seseorang bisa mengalami delusi yang membuat dirinya tidak bisa membedakan hal nyata dan tidak.</p><p style=\"font-size: 16px; margin: 10px 0px;\">Penyakit Alzheimer, demensia, penyakit Parkinson, atau&nbsp;<a href=\"https://www.alodokter.com/skizofrenia\" target=\"_blank\" style=\"text-decoration: none; color: rgb(53, 112, 210);\">skizofrenia</a> sering kali dikaitkan dengan kondisi yang menyebabkan penderita mengalami delusi sehingga meningkatkan risiko mengalami Capgras syndrome.</p><h3 style=\"font-size: 17px; font-weight: bold; font-style: normal; font-stretch: normal; line-height: 1.32; letter-spacing: -0.3px; margin-top: 32px; margin-bottom: 0px;\"><strong>Gejala Capgras Syndrome</strong></h3><p style=\"font-size: 16px; margin: 10px 0px;\">Gejala yang paling terlihat jelas saat seseorang mengalami Capgras syndrome adalah keyakinan bahwa orang lain telah menggantikan atau berpura-pura menjadi seseorang yang dirinya kenal, padahal kenyataannya tidak.</p><p style=\"font-size: 16px; margin: 10px 0px;\">Selain itu, penderita Capgras syndrome juga dapat mengalami beberapa gejala lain, seperti:</p><ul><li>Merasa cemas dan stres saat berada di sekitar orang yang dianggap menggantikan orang yang dikenal</li><li>Bertindak kasar terhadap orang tersebut</li><li>Mengalami perubahan perilaku</li></ul><p style=\"font-size: 16px; margin: 10px 0px;\">Perlu diingat bahwa gejala yang terjadi pada setiap orang dapat berbeda-beda, tergantung penyakit yang mendasari terjadinya Capgras syndrome.</p><p style=\"font-size: 16px; margin: 10px 0px;\">Mengingat penderita Capgras syndrome dapat bertindak kasar pada orang yang dianggap menggantikan orang yang ia kenal, sebaiknya segeralah bawa penderita untuk mendapatkan penanganan yang tepat agar tidak membahayakan orang terdekatnya.</p><h3 style=\"font-size: 17px; font-weight: bold; font-style: normal; font-stretch: normal; line-height: 1.32; letter-spacing: -0.3px; margin-top: 32px; margin-bottom: 0px;\"><strong>Cara Mengobati Capgras Syndrome</strong></h3><p style=\"font-size: 16px; margin: 10px 0px;\">Belum ada obat yang dapat menyembuhkan Capgras syndrome. Namun, pengobatan terhadap penyakit atau kondisi medis terkait dapat meredakan gejala Capgras syndrome.</p><p style=\"font-size: 16px; margin: 10px 0px;\">Misalnya, penderita Capgras syndrome yang disebabkan skizofrenia dapat menjalani perawatan berupa konsumsi obat&nbsp;<a href=\"https://www.alodokter.com/antipsikotik\" target=\"_blank\" style=\"text-decoration: none; color: rgb(53, 112, 210);\">antipsikotik</a> atau psikoterapi untuk meringankan gejalanya.</p><p style=\"font-size: 16px; margin: 10px 0px;\">Selain itu, penderitanya juga akan menjalani perawatan yang biasa digunakan untuk mengatasi gangguan delusi, yaitu&nbsp;<em>reality orientation therapy.</em> Terapi ini akan fokus pada upaya untuk mengubah pola pikir penderita delusi dalam menghadapi kenyataan yang ada.</p><p style=\"font-size: 16px; margin: 10px 0px;\">Hal-hal, seperti nama orang, wajah, tempat, dan waktu, akan diulang berkali-kali untuk mengingatkan pada kenyataan sehingga membantu penderita delusi lebih memahami lingkungannya dan kecemasannya pun berkurang.</p><p style=\"font-size: 16px; margin: 10px 0px;\">Tidak hanya&nbsp;<em>reality orientation therapy</em>, penderita juga bisa menjalani&nbsp;<a href=\"https://www.alodokter.com/terapi-kognitif-perilaku-untuk-menangani-berbagai-masalah\" target=\"_blank\" style=\"text-decoration: none; color: rgb(53, 112, 210);\">terapi perilaku kognitif</a> untuk mengatasi delusi yang dialami. Dengan terapi yang tepat serta dukungan dari keluarga, penderita Capgras syndrome dapat menyadari hal-hal yang diyakininya tidak benar.</p><p style=\"font-size: 16px; margin: 10px 0px;\">Oleh karena itu, bila ada orang terdekat Anda menderita gangguan pada fungsi otak dan menunjukkan tanda Capgras syndrome, segeralah konsultasikan ke&nbsp;<a href=\"https://www.alodokter.com/cari-dokter/dokter-jiwa?page=1\" target=\"_blank\" style=\"text-decoration: none; color: rgb(53, 112, 210);\">dokter</a> untuk mendapatkan penanganan yang tepat.</p></div></div><div style=\"margin-top: 11px; height: 23px; font-size: 14px; font-weight: 400; font-style: normal; font-stretch: normal; line-height: 1.92; letter-spacing: normal; color: rgb(67, 67, 67); margin-bottom: 8px; font-family: LatoWeb, sans-serif; font-variant-ligatures: normal; font-variant-caps: normal; orphans: 2; text-align: start; text-indent: 0px; text-transform: none; white-space: normal; widows: 2; word-spacing: 0px; -webkit-text-stroke-width: 0px; text-decoration-thickness: initial; text-decoration-style: initial; text-decoration-color: initial;\">Terakhir diperbarui: 24 Mei 2023</div><div style=\"margin-bottom: 8px;\">Ditinjau oleh: dr. Airindya Bella</div>');
  INSERT INTO `t_artikel` VALUES ('31', 'rabies.jpg', 'Beragam Gejala Rabies yang Perlu Diwaspadai', '3', 'Gejala rabies tidak langsung muncul saat penderitanya digigit oleh hewan yang terinfeksi virus rabies. Gejala ini biasanya akan muncul setelah 312 minggu. Agar kondisi penderitanya tidak makin memburuk, penting untuk mengenali gejala awalnya dan mendapat', 'https://www.alodokter.com/beragam-gejala-rabies-yang-perlu-diwaspadai', '<p><a href=\"https://www.alodokter.com/rabies\" target=\"_blank\" style=\"text-decoration: none; color: rgb(53, 112, 210); font-family: LatoWeb, sans-serif; font-size: 16px; font-style: normal; font-variant-ligatures: normal; font-variant-caps: normal; font-weight: 400; letter-spacing: normal; orphans: 2; text-align: start; text-indent: 0px; text-transform: none; white-space: normal; widows: 2; word-spacing: 0px; -webkit-text-stroke-width: 0px;\" id=\"isPasted\">Rabies</a><span style=\"color: rgb(59, 55, 56); font-family: LatoWeb, sans-serif; font-size: 16px; font-style: normal; font-variant-ligatures: normal; font-variant-caps: normal; font-weight: 400; letter-spacing: normal; orphans: 2; text-align: start; text-indent: 0px; text-transform: none; white-space: normal; widows: 2; word-spacing: 0px; -webkit-text-stroke-width: 0px; text-decoration-thickness: initial; text-decoration-style: initial; text-decoration-color: initial; display: inline !important; float: none;\">&nbsp;atau &ldquo;penyakit anjing gila&rdquo; merupakan penyakit infeksi virus yang bisa merusak sistem saraf, termasuk otak. Penyakit ini paling umum ditularkan melalui gigitan atau cakaran hewan yang terinfeksi virus rabies, tetapi bisa pula melalui air liur hewan yang mengenai luka di tubuh.</span></p><div style=\"margin-bottom: 25px; position: relative; color: rgb(59, 55, 56); font-family: LatoWeb, sans-serif; font-size: 16px; font-style: normal; font-variant-ligatures: normal; font-variant-caps: normal; font-weight: 400; letter-spacing: normal; orphans: 2; text-align: start; text-indent: 0px; text-transform: none; white-space: normal; widows: 2; word-spacing: 0px; -webkit-text-stroke-width: 0px; text-decoration-thickness: initial; text-decoration-style: initial; text-decoration-color: initial;\" id=\"isPasted\"><div data-id=\"647d416329f4650026fc785e\" style=\"line-height: 1.75;\"><p style=\"font-size: 16px; margin: 10px 0px;\">Saat seseorang digigit, dicakar, atau dijilat oleh hewan yang dicurigai rabies, ia perlu mendapatkan pertolongan medis sesegera mungkin sebelum gejala rabies muncul dan komplikasi berbahaya terjadi.</p><h3 style=\"font-size: 17px; font-weight: bold; font-style: normal; font-stretch: normal; line-height: 1.32; letter-spacing: -0.3px; margin-top: 32px; margin-bottom: 0px;\"><strong>Beberapa Gejala Rabies</strong></h3><p style=\"font-size: 16px; margin: 10px 0px;\">Awalnya, penderita rabies mungkin tidak menunjukkan gejala apa pun. Namun, saat virus rabies sudah mulai menginfeksi sel saraf, penderitanya akan mengalami gejala seperti&nbsp;<a href=\"https://www.alodokter.com/flu\" target=\"_blank\" style=\"text-decoration: none; color: rgb(53, 112, 210);\">flu</a>.</p><p style=\"font-size: 16px; margin: 10px 0px;\">Beberapa gejala yang dapat timbul pada fase ini meliputi:</p><ul><li>Demam</li><li>Sakit kepala</li><li>Nyeri otot</li><li>Kesemutan</li><li>Gatal di area gigitan</li><li>Batuk</li><li>Diare</li><li>Mual dan muntah</li></ul><p style=\"font-size: 16px; margin: 10px 0px;\">Gejala di atas biasanya berlangsung selama 2&ndash;10 hari. Bila tidak segera mendapatkan penanganan, gejala rabies dapat berkembang menjadi parah.</p><p style=\"font-size: 16px; margin: 10px 0px;\">Secara umum, gejala lanjutan pada rabies terbagi menjadi dua jenis, yaitu tipe agresif dan tipe paralatik. Pada tipe agresif, gejala rabies dapat hilang dan timbul. Ada beberapa gejala yang dapat muncul, yaitu:</p><ul><li>Gelisah</li><li>Napas terengah-engah</li><li>Air liur berlebihan</li><li>Keinginan untuk memukul atau menggigit</li><li>Mudah marah</li><li>Kebingungan atau linglung</li><li>Kelumpuhan pada wajah</li></ul><p style=\"font-size: 16px; margin: 10px 0px;\">Sedangkan pada tipe paralatik, virus rabies sudah mulai merusak otak dan sumsum tulang belakang sehingga dapat menyebabkan gejalanya makin memburuk. Beberapa gejalanya melputi:</p><ul><li>Sakit kepala lebih berat</li><li>Kaku pada leher</li><li>Kelumpuhan ringan pada sebagian badan</li><li>Kesemutan</li><li>Rasa takut pada air atau hidrofobia</li><li>Mata nyeri atau tidak nyaman saat terkena cahaya (<a href=\"https://www.alodokter.com/kenali-gejala-fotofobia-serta-penyebab-dan-cara-penanganannya\" target=\"_blank\" style=\"text-decoration: none; color: rgb(53, 112, 210);\">fotofobia</a>)</li></ul><p style=\"font-size: 16px; margin: 10px 0px;\">Seiring waktu, kerusakan saraf dapat memburuk hingga menyebabkan kematian bila sudah memengaruhi saraf di organ vital, seperti paru-paru dan jantung.</p><h3 style=\"font-size: 17px; font-weight: bold; font-style: normal; font-stretch: normal; line-height: 1.32; letter-spacing: -0.3px; margin-top: 32px; margin-bottom: 0px;\"><strong>Cara Mencegah Rabies</strong></h3><p style=\"font-size: 16px; margin: 10px 0px;\">Mengingat sampai saat ini belum ada obat yang dapat digunakan untuk mengatasi rabies, segeralah ke rumah sakit terdekat bila Anda atau orang terdekat terkena&nbsp;<a href=\"https://www.alodokter.com/5-langkah-penanganan-luka-gigitan-anjing\" target=\"_blank\" style=\"text-decoration: none; color: rgb(53, 112, 210);\">gigitan hewan liar</a> atau hewan yang dicurigai rabies untuk mendapatkan penanganan.</p><p style=\"font-size: 16px; margin: 10px 0px;\">Dokter akan membersihkan luka dan memberikan suntikan berisi antirabies guna melawan virus rabies dan mencegah komplikasinya.</p><p style=\"font-size: 16px; margin: 10px 0px;\">Bagi Anda yang berisiko tinggi terpapar virus rabies, seperti pekerja di kebun binatang dan&nbsp;<em>pet shop</em> atau kerap berinteraksi dengan hewan, sebaiknya lakukan&nbsp;<a href=\"https://www.alodokter.com/vaksin-rabies\" target=\"_blank\" style=\"text-decoration: none; color: rgb(53, 112, 210);\">vaksin rabies</a>. Tujuannya untuk mencegah atau mengurangi risiko terinfeksi virus rabies.</p><p style=\"font-size: 16px; margin: 10px 0px;\">Rabies memang terdengar sangat menakutkan, tetapi sebenarnya rabies dapat dicegah dengan melakukan beberapa cara berikut ini:</p><ul><li>Lakukan&nbsp;<a href=\"https://www.alodokter.com/berbagai-jenis-vaksin-anjing-beserta-jadwalnya\" target=\"_blank\" style=\"text-decoration: none; color: rgb(53, 112, 210);\">vaksinasi</a> pada hewan peliharan, seperti anjing dan kucing.</li><li>Jangan biarkan hewan peliharaan berkeliaran bebas tanpa pengawasan.</li><li>Hindari menyentuh hewan yang terluka atau menangkap hewan liar sendirian.</li><li>Hindari hewan-hewan liar yang menunjukan gejala rabies dan laporkan segera ke dinas perhutanan terdekat.</li><li>Jaga kebersihan dengan rutin mencuci tangan, terutama bila Anda berinteraksi dekat dengan hewan.</li></ul><p style=\"font-size: 16px; margin: 10px 0px;\">Oleh karena itu, bila Anda atau orang terdekat tergigit hewan yang dicurigai rabies, terlebih sudah menimbulkan gejala rabies, segeralah ke&nbsp;<a href=\"https://www.alodokter.com/cari-dokter/dokter-penyakit-dalam?page=1\" target=\"_blank\" style=\"text-decoration: none; color: rgb(53, 112, 210);\">dokter</a> untuk mendapatkan penanganan lebih lanjut.</p></div></div><div style=\"margin-top: 11px; height: 23px; font-size: 14px; font-weight: 400; font-style: normal; font-stretch: normal; line-height: 1.92; letter-spacing: normal; color: rgb(67, 67, 67); margin-bottom: 8px; font-family: LatoWeb, sans-serif; font-variant-ligatures: normal; font-variant-caps: normal; orphans: 2; text-align: start; text-indent: 0px; text-transform: none; white-space: normal; widows: 2; word-spacing: 0px; -webkit-text-stroke-width: 0px; text-decoration-thickness: initial; text-decoration-style: initial; text-decoration-color: initial;\">Terakhir diperbarui: 24 Mei 2023</div><div style=\"margin-bottom: 8px;\">Ditinjau oleh: dr. Airindya Bella</div>');
}

-- ----------------------------
-- Table structure for `t_dokter`
-- ----------------------------
DROP TABLE IF EXISTS `t_dokter`;
CREATE TABLE `t_dokter` (
  `id_dokter` int(11) NOT NULL AUTO_INCREMENT,
  `nama_dokter` varchar(50) NOT NULL,
  `id_spesialisasi_dokter` int(11) NOT NULL,
  `notelp_dokter` varchar(15) NOT NULL,
  `alamat_dokter` varchar(255) NOT NULL,
  `id_jenis_kelamin` int(11) NOT NULL,
  `deskripsi_dokter` varchar(255) NOT NULL,
  `link_dokter` varchar(1000) NOT NULL,
  `foto_dokter` varchar(255) NOT NULL,
  PRIMARY KEY (`id_dokter`),
  KEY `t_dokter` (`id_jenis_kelamin`),
  KEY `spesialisasi_dokter` (`id_spesialisasi_dokter`),
  CONSTRAINT `spesialisasi_dokter` FOREIGN KEY (`id_spesialisasi_dokter`) REFERENCES `t_jenis_spesialisasi_dokter` (`id_jenis_spesialisasi_dokter`),
  CONSTRAINT `t_dokter` FOREIGN KEY (`id_jenis_kelamin`) REFERENCES `t_jenis_kelamin` (`id_kelamin`)
) ENGINE=InnoDB AUTO_INCREMENT=30 DEFAULT CHARSET=utf8mb4 COLLATE=utf8mb4_general_ci;

-- ----------------------------
-- Records of t_dokter
-- ----------------------------
{
  INSERT INTO `t_dokter` VALUES ('10', ' dr. Olivia Franciska Laksmana, Sp.OG', '1', '081234344545', 'Columbia Asia Hospital Semarang', '2', 'dr. Olivia Franciska Laksmana, Sp.OG merupakan Dokter Kandungan yang berpraktik di Columbia Asia Hospital Semarang.', 'https://www.alodokter.com/cari-dokter/dr-olivia-franciska-laksmana-spog?sku_id=63071499c094dc352ac6d0f8', 'olivia.jpg'), 

  ('11', 'dr. Klara Yuliarti, Sp.A (K)', '2', '081267458989', 'Universitas Indonesia', '2', 'dr. Klara Yuliarti, Sp.A (K)', 'https://www.alodokter.com/cari-dokter/dr-klara-yuliarti-spa-k?sku_id=630826b7a6839d7867fd25f7', 'id11.jpg'), 

  ('12', 'dr. Christopher Warouw, Sp.T.H.T.K.L', '3', '081234125656', 'Rumah Sakit Siloam Sentosa, Bekasi dan Siloam Hospital Bekasi Timur.', '2', 'dr. Christopher Warouw, Sp.T.H.T.K.L', 'https://www.alodokter.com/cari-dokter/dr-christopher-warouw-spthtkl?sku_id=6307062ec094dc352ac6a160', 'id12.jpg'), 

  ('13', 'dr. Priyadi Wijanarko, Sp.P', '5', '081234675645', 'Rumah Sakit Columbia Semarang', '1', 'dr. Priyadi Wijanarko, Sp.P merupakan Dokter Paru yang menamatkan pendidikan Spesialisnya di Universitas Indonesia. Beliau saat ini aktif berpraktik di Rumah Sakit Columbia Semarang sebagai Dokter Paru.', 'https://www.alodokter.com/cari-dokter/dr-priyadi-wijanarko-spp?sku_id=630714d5c094dc352ac6d139', 'id13.jpg'), 

  ('14', 'dr. Erna Emlijah, Sp.M', '4', '081289785645', 'RSU Al-Islam H.M Mawardi', '2', 'dr. Erna Emlijah, Sp.M adalah seorang Dokter Mata yang berpraktik di RSU Al-Islam H.M Mawardi. Beliau dapat membantu layanan Konsultasi perihal kesehatan mata.', 'https://www.alodokter.com/cari-dokter/dr-erna-emlijah-spm?sku_id=630828e5a6839d7867ff4b4b', 'id14.jpg'), 

  ('15', 'dr. Vonny Indriati Widjojo, Sp.KK', '6', '081234127865', 'Mitra Keluarga Bekasi Timur', '2', 'dr. Vonny Indriati Widjojo, Sp.KK merupakan seorang Dokter Spesialis Kulit dan Kelamin yang terhimpun dalam Ikatan Dokter Indonesia (IDI) dan Perhimpunan Dokter Spesialis Kulit dan Kelamin Indonesia (PERDOSKI).', 'https://www.alodokter.com/cari-dokter/dr-vonny-indriati-widjojo-spkk?sku_id=6308fc69a6839d40fac6e70b', 'id15.jpg'), 

  ('16', 'dr. Martino Sutrisno, Sp.PD', '7', '081256348967', 'Mitra Keluarga Kenjeran', '1', 'dr. Martino Sutrisno, Sp.PD merupakan seorang Dokter Spesialis Penyakit Dalam yang ikut menjadi bagian dari Perhimpunan Dokter Spesialis Penyakit Dalam Indonesia.', 'https://www.alodokter.com/cari-dokter/dr-martino-sutrisno-sppd-?sku_id=6308264da6839d7867fcb19a', 'id16.jpg'), 

  ('17', 'dr. Tanjung Ayu Sumekar, M.Si.Med, Sp.KJ', '8', '081256348967', 'RS Banyumanik 2', '2', 'dr. Tanjung Ayu Sumekar, M.Si.Med, Sp.KJ adalah seorang Dokter Psikiater yang berpraktik di RS Banyumanik 2. Beliau dapat membantu layanan Konsultasi perihal kesehatan jiwa.', 'https://www.alodokter.com/cari-dokter/dr-tanjung-ayu-sumekar-msimed-spkj?sku_id=6308292da6839d7867ffa4b3', 'id17.jpg');
}

-- ----------------------------
-- Table structure for `t_isi_artikel`
-- ----------------------------
DROP TABLE IF EXISTS `t_isi_artikel`;
CREATE TABLE `t_isi_artikel` (
  `id_isi_artikel` int(11) NOT NULL AUTO_INCREMENT,
  `judul_artikel` int(11) NOT NULL,
  `isi_artikel` int(11) NOT NULL,
  PRIMARY KEY (`id_isi_artikel`),
  KEY `jdl` (`judul_artikel`),
  KEY `isi` (`isi_artikel`),
  CONSTRAINT `isi` FOREIGN KEY (`isi_artikel`) REFERENCES `t_artikel` (`id_artikel`),
  CONSTRAINT `jdl` FOREIGN KEY (`judul_artikel`) REFERENCES `t_artikel` (`id_artikel`)
) ENGINE=InnoDB DEFAULT CHARSET=utf8mb4 COLLATE=utf8mb4_general_ci;

-- ----------------------------
-- Records of t_isi_artikel
-- ----------------------------

-- ----------------------------
-- Table structure for `t_jenis_artikel`
-- ----------------------------
DROP TABLE IF EXISTS `t_jenis_artikel`;
CREATE TABLE `t_jenis_artikel` (
  `id_jenis_artikel` int(11) NOT NULL AUTO_INCREMENT,
  `nama_jenis_artikel` varchar(50) NOT NULL,
  PRIMARY KEY (`id_jenis_artikel`)
) ENGINE=InnoDB AUTO_INCREMENT=4 DEFAULT CHARSET=utf8mb4 COLLATE=utf8mb4_general_ci;

-- ----------------------------
-- Records of t_jenis_artikel
-- ----------------------------
{
  INSERT INTO `t_jenis_artikel` VALUES 
  ('1', 'Hidup Sehat'),
  ('2', 'Keluarga'),
  ('3', 'Kesehatan');
}

-- ----------------------------
-- Table structure for `t_jenis_kelamin`
-- ----------------------------
DROP TABLE IF EXISTS `t_jenis_kelamin`;
CREATE TABLE `t_jenis_kelamin` (
  `id_kelamin` int(11) NOT NULL AUTO_INCREMENT,
  `kelamin` varchar(20) NOT NULL,
  PRIMARY KEY (`id_kelamin`)
) ENGINE=InnoDB AUTO_INCREMENT=3 DEFAULT CHARSET=utf8mb4 COLLATE=utf8mb4_general_ci;

-- ----------------------------
-- Records of t_jenis_kelamin
-- ----------------------------
{
  INSERT INTO `t_jenis_kelamin` VALUES 
  ('1', 'Laki-Laki'),
  ('2', 'Perempuan');
}

-- ----------------------------
-- Table structure for `t_jenis_kendala`
-- ----------------------------
DROP TABLE IF EXISTS `t_jenis_kendala`;
CREATE TABLE `t_jenis_kendala` (
  `id_pilihanbalasan` int(11) NOT NULL AUTO_INCREMENT,
  `jenis` varchar(20) NOT NULL,
  PRIMARY KEY (`id_pilihanbalasan`)
) ENGINE=InnoDB AUTO_INCREMENT=3 DEFAULT CHARSET=utf8mb4 COLLATE=utf8mb4_general_ci;

-- ----------------------------
-- Records of t_jenis_kendala
-- ----------------------------
{
  INSERT INTO `t_jenis_kendala` VALUES 
  ('1', 'Privat'),
  ('2', 'Publik');
}

-- ----------------------------
-- Table structure for `t_jenis_obat`
-- ----------------------------
DROP TABLE IF EXISTS `t_jenis_obat`;
CREATE TABLE `t_jenis_obat` (
  `id_jenis_obat` int(11) NOT NULL AUTO_INCREMENT,
  `obat_jenis` varchar(50) NOT NULL,
  PRIMARY KEY (`id_jenis_obat`)
) ENGINE=InnoDB AUTO_INCREMENT=12 DEFAULT CHARSET=utf8mb4 COLLATE=utf8mb4_general_ci;

-- ----------------------------
-- Records of t_jenis_obat
-- ----------------------------
{
  INSERT INTO `t_jenis_obat` VALUES 
  ('1', 'Tablet'),
  ('2', 'Kapsul'),
  ('3', 'Kaplet'),
  ('4', 'Pil'),
  ('5', 'Serbuk/Puyer'),
  ('6', 'Suppositoria'),
  ('7', 'Obat Oles'),
  ('8', 'Obat Tetes'),
  ('9', 'Obat Suntik'),
  ('10', 'Obat Tempel'),
  ('11', 'Antibiotik');
}

-- ----------------------------
-- Table structure for `t_jenis_spesialisasi_dokter`
-- ----------------------------
DROP TABLE IF EXISTS `t_jenis_spesialisasi_dokter`;
CREATE TABLE `t_jenis_spesialisasi_dokter` (
  `id_jenis_spesialisasi_dokter` int(11) NOT NULL AUTO_INCREMENT,
  `nama_spesialisasi` varchar(50) NOT NULL,
  PRIMARY KEY (`id_jenis_spesialisasi_dokter`)
) ENGINE=InnoDB AUTO_INCREMENT=9 DEFAULT CHARSET=utf8mb4 COLLATE=utf8mb4_general_ci;

-- ----------------------------
-- Records of t_jenis_spesialisasi_dokter
-- ----------------------------
{
  INSERT INTO `t_jenis_spesialisasi_dokter` VALUES 
  ('1', 'Dokter Kandungan'),
  ('2', 'Dokter Anak'),
  ('3', 'Dokter THT'),
  ('4', 'Dokter Mata'),
  ('5', 'Dokter Paru'),
  ('6', 'Dokter Kulit'),
  ('7', 'Dokter Penyakit Dalam'),
  ('8', 'Dokter Psikiater');
}

-- ----------------------------
-- Table structure for `t_jenis_sumber_nutrisi`
-- ----------------------------
DROP TABLE IF EXISTS `t_jenis_sumber_nutrisi`;
CREATE TABLE `t_jenis_sumber_nutrisi` (
  `id_jenis_nutrisi` int(11) NOT NULL AUTO_INCREMENT,
  `jenis_sumber_nutrisi` varchar(50) NOT NULL,
  PRIMARY KEY (`id_jenis_nutrisi`)
) ENGINE=InnoDB AUTO_INCREMENT=6 DEFAULT CHARSET=utf8mb4 COLLATE=utf8mb4_general_ci;

-- ----------------------------
-- Records of t_jenis_sumber_nutrisi
-- ----------------------------
{
  INSERT INTO `t_jenis_sumber_nutrisi` VALUES 
  ('1', 'Makanan Pokok')
  ('2', 'Lauk Pauk')
  ('3', 'Sayur-Sayuran')
  ('4', 'Buah-Buahan')
  ('5', 'Susu');
}

-- ----------------------------
-- Table structure for `t_kendala`
-- ----------------------------
DROP TABLE IF EXISTS `t_kendala`;
CREATE TABLE `t_kendala` (
  `id_kendala` int(11) NOT NULL AUTO_INCREMENT,
  `nama_user` varchar(50) NOT NULL,
  `id_jenis_kelamin_user` int(11) NOT NULL,
  `umur_user` int(11) NOT NULL,
  `email_user` varchar(50) NOT NULL,
  `id_pilih_dokter` int(11) NOT NULL,
  `pilihanbalasan` int(11) NOT NULL,
  `kendala_user` varchar(255) NOT NULL,
  PRIMARY KEY (`id_kendala`),
  KEY `t_user` (`id_jenis_kelamin_user`),
  KEY `pilih_dokter` (`id_pilih_dokter`),
  KEY `balasan` (`pilihanbalasan`),
  CONSTRAINT `balasan` FOREIGN KEY (`pilihanbalasan`) REFERENCES `t_jenis_kendala` (`id_pilihanbalasan`),
  CONSTRAINT `pilih_dokter` FOREIGN KEY (`id_pilih_dokter`) REFERENCES `t_jenis_spesialisasi_dokter` (`id_jenis_spesialisasi_dokter`),
  CONSTRAINT `t_user` FOREIGN KEY (`id_jenis_kelamin_user`) REFERENCES `t_jenis_kelamin` (`id_kelamin`)
) ENGINE=InnoDB AUTO_INCREMENT=21 DEFAULT CHARSET=utf8mb4 COLLATE=utf8mb4_general_ci;

-- ----------------------------
-- Records of t_kendala
-- ----------------------------
{
  INSERT INTO `t_kendala` VALUES 
  ('1', 'Tatxha', '2', '18', 'tatthamaharany@upi.edu', '2', '1', 'Halo dokter, saya sering mengalami sakit perut di sekitar rusuk, kira kira kenapa ya?'),
  ('2', 'Irfun', '1', '19', 'irfan@gmail.com', '1', '2', 'Halo dokter, mata saya sering gatal gatal, saya sudah mencoba berbagai obat tetes mata, mungkin dari dokter mata sendiri ada rekomendasi?'),
  ('3', 'Rapen', '1', '19', 'rapen@gmail.com', '3', '2', 'Halo dokter, selama semingu terakhir hidung saya terasa gatal, saya harus melakukan apa yah?'),
  ('4', 'Cecan', '2', '23', 'cecan@gmai.com', '2', '2', 'Hi dokter, aku lagi mencoba program diet, tapi aku bingung bagaimana cara mengatur nutrisi makananku sehingga aku selalu lapar saat diet :('),
  ('5', 'Coganz', '1', '27', 'coganz@gmail.com', '8', '2', 'Halo dokter, bisa bantu saya??? Saya seperti denial jika diri saya baik-baik saja, tapi saya baik-baik saja. saya tau saya sedikit cemas terhadap sesuatu, tapi saya selalu menyangkal. saya ga ngerti diri saya sendirii....');
}

-- ----------------------------
-- Table structure for `t_login`
-- ----------------------------
DROP TABLE IF EXISTS `t_login`;
CREATE TABLE `t_login` (
  `id_login` int(6) NOT NULL AUTO_INCREMENT,
  `username` varchar(30) NOT NULL,
  `password` varchar(30) NOT NULL,
  `role` varchar(10) NOT NULL,
  PRIMARY KEY (`id_login`)
) ENGINE=InnoDB AUTO_INCREMENT=8 DEFAULT CHARSET=latin1 COLLATE=latin1_swedish_ci;

-- ----------------------------
-- Records of t_login
-- ----------------------------
{
  INSERT INTO `t_login` VALUES 
  ('1', 'raven', 'adminganteng', 'admin'),
  ('2', 'tata', 'tata', 'admin'),
  ('3', 'irfan', 'irfan', 'admin'),
  ('4', 'dokterraven', 'raven', 'dokter'),
  ('5', 'doktertata', 'tata', 'dokter'),
  ('6', 'dokterirfan', 'irfan', 'dokter');
}

-- ----------------------------
-- Table structure for `t_nutrisi_makanan`
-- ----------------------------
DROP TABLE IF EXISTS `t_nutrisi_makanan`;
CREATE TABLE `t_nutrisi_makanan` (
  `id_nutrisi` int(11) NOT NULL AUTO_INCREMENT,
  `asal_nutrisi` varchar(50) NOT NULL,
  `id_jenis_nutrisi` int(11) NOT NULL,
  `k_karbo` decimal(3,1) DEFAULT NULL,
  `k_protein` decimal(3,1) DEFAULT NULL,
  `k_lemak` decimal(3,1) DEFAULT NULL,
  `k_vit` decimal(3,1) DEFAULT NULL,
  `k_kalsium` decimal(3,1) DEFAULT NULL,
  PRIMARY KEY (`id_nutrisi`),
  KEY `jenis_nutrisi` (`id_jenis_nutrisi`),
  CONSTRAINT `jenis_nutrisi` FOREIGN KEY (`id_jenis_nutrisi`) REFERENCES `t_jenis_sumber_nutrisi` (`id_jenis_nutrisi`)
) ENGINE=InnoDB AUTO_INCREMENT=14 DEFAULT CHARSET=utf8mb4 COLLATE=utf8mb4_general_ci;

-- ----------------------------
-- Records of t_nutrisi_makanan
-- ----------------------------
{
  INSERT INTO `t_nutrisi_makanan` VALUES 
  ('1', 'Nasi Putih', '1', '12.0', '5.0', '0.0', '17.0', '2.0'),
  ('2', 'Susu Kedelai', '5', '1.0', '5.8', '3.7', '4.7', '4.6'),
  ('3', 'Mujahir Goreng', '2', '0.0', '78.2', '35.7', '14.7', '31.5'),
  ('4', 'Pie Apel', '4', '10.5', '3.2', '16.4', '0.0', '0.0'),
  ('5', 'Sayur Bayam', '3', '0.9', '1.5', '0.6', '45.6', '15.1'),
  ('6', 'Dada Ayam Mentah', '2', '0.0', '51.7', '5.3', '0.0', '0.0'),
  ('7', 'Brokoli', '3', '0.5', '5.3', '0.3', '67.8', '10.2');
}

-- ----------------------------
-- Table structure for `t_obat`
-- ----------------------------
DROP TABLE IF EXISTS `t_obat`;
CREATE TABLE `t_obat` (
  `id_obat` int(11) NOT NULL AUTO_INCREMENT,
  `nama_obat` varchar(50) NOT NULL,
  `id_jenis_obat` int(11) NOT NULL,
  `link_obat` varchar(1000) DEFAULT NULL,
  PRIMARY KEY (`id_obat`),
  KEY `t_obat` (`id_jenis_obat`),
  CONSTRAINT `t_obat` FOREIGN KEY (`id_jenis_obat`) REFERENCES `t_jenis_obat` (`id_jenis_obat`)
) ENGINE=InnoDB AUTO_INCREMENT=31 DEFAULT CHARSET=utf8mb4 COLLATE=utf8mb4_general_ci;

-- ----------------------------
-- Records of t_obat
-- ----------------------------
{
  INSERT INTO `t_obat` VALUES 
  ('21', 'Kortikosteroid', '1', 'https://www.alodokter.com/kortikosteroid');
  ('22', 'Isoniazid', '1', 'https://www.alodokter.com/isoniazid')
  ('23', 'Praziquantel', '1', 'https://www.alodokter.com/praziquantel')
  ('24', 'Hydrocortisone', '7', 'https://www.alodokter.com/hydrocortisone')
  ('25', 'Oseltamivir', '2', 'https://www.alodokter.com/oseltamivir')
  ('26', 'Fibrat', '1', 'https://www.alodokter.com/fibrat')
  ('27', 'Abacavir', '3', 'https://www.alodokter.com/abacavir')
  ('28', 'Paracetamol (Acetaminophen)', '1', 'https://www.alodokter.com/paracetamol')
  ('29', 'Monuril', '11', 'https://www.alodokter.com/monuril')
  ('30', 'Interferon', '9', 'https://www.alodokter.com/interferon');
}

-- ----------------------------
-- Table structure for `t_obat_penyakit`
-- ----------------------------
DROP TABLE IF EXISTS `t_obat_penyakit`;
CREATE TABLE `t_obat_penyakit` (
  `id_obat_penyakit` int(11) NOT NULL AUTO_INCREMENT,
  `id_obat` int(11) NOT NULL,
  `id_penyakit` int(11) DEFAULT NULL,
  PRIMARY KEY (`id_obat_penyakit`),
  KEY `obat` (`id_obat`),
  KEY `penyakit` (`id_penyakit`),
  CONSTRAINT `obat` FOREIGN KEY (`id_obat`) REFERENCES `t_obat` (`id_obat`),
  CONSTRAINT `penyakit` FOREIGN KEY (`id_penyakit`) REFERENCES `t_penyakit` (`id_penyakit`)
) ENGINE=InnoDB AUTO_INCREMENT=31 DEFAULT CHARSET=utf8mb4 COLLATE=utf8mb4_general_ci;

-- ----------------------------
-- Records of t_obat_penyakit
-- ----------------------------
{
  INSERT INTO `t_obat_penyakit` VALUES 
  ('19', '22', '10'),
  ('20', '23', '11'),
  ('21', '24', '12'),
  ('22', '25', '14'),
  ('25', '26', '19'),
  ('26', '27', '20'),
  ('27', '28', '21'),
  ('28', '29', '22'),
  ('29', '30', '23'),
  ('30', '30', '24');
}

-- ----------------------------
-- Table structure for `t_penyakit`
-- ----------------------------
DROP TABLE IF EXISTS `t_penyakit`;
CREATE TABLE `t_penyakit` (
  `id_penyakit` int(11) NOT NULL AUTO_INCREMENT,
  `nama_penyakit` varchar(50) NOT NULL,
  `ket_penyakit` varchar(255) NOT NULL,
  `resiko_kematian` decimal(3,1) DEFAULT NULL,
  `link_penyakit` varchar(1000) NOT NULL,
  PRIMARY KEY (`id_penyakit`)
) ENGINE=InnoDB AUTO_INCREMENT=25 DEFAULT CHARSET=utf8mb4 COLLATE=utf8mb4_general_ci;

-- ----------------------------
-- Records of t_penyakit
-- ----------------------------
{
  INSERT INTO `t_penyakit` VALUES 
  ('9', 'Ambeien', 'Ambeien atau wasir adalah pembengkakan atau peradangan pembuluh darah di ujung usus besar (rektum) dan anus. Kondisi ini disebabkan oleh peningkatan tekanan pembuluh darah di sekitar anus. Salah satunya karena mengejan terlalu keras.', '0.0', 'https://www.alodokter.com/ambeien'),

  ('10', 'Batuk Berdarah', 'Hemoptisis atau batuk berdarah adalah batuk berdahak yang mengandung darah. Darah ini dapat berasal dari hidung, tenggorokan, batang tenggorok, dan paru-paru.', '30.0', 'https://www.alodokter.com/batuk-darah'),

  ('11', 'Cacing Hati', 'Cacing hati adalah infeksi pada hati yang disebabkan oleh parasit berupa cacing berbentuk pipih.', '1.0', 'https://www.alodokter.com/cacing-hati'),
  ('12', 'Dermatitis', 'Dermatitis adalah peradangan atau iritasi di kulit yang umumnya ditandai dengan kulit gatal, kering, dan kemerahan. Penyakit kulit ini umumnya terjadi akibat reaksi alergi.', '0.0', 'https://www.alodokter.com/dermatitis'),

  ('13', 'Ebola', 'Ebola adalah penyakit mematikan akibat infeksi virus. Penyakit ini bisa menyebabkan kerusakan organ serta perdarahan di dalam tubuh penderitanya. ', '90.0', 'https://www.alodokter.com/ebola'),

  ('14', 'Flu Burung', 'Flu burung adalah penyakit yang disebabkan oleh infeksi virus influenza tipe A yang ditularkan oleh unggas ke manusia. Ada banyak jenis virus flu burung, tetapi hanya beberapa yang dapat menyebabkan infeksi pada manusia.', '3.0', 'https://www.alodokter.com/flu-burung'),

  ('15', 'Gagal Jantung', 'Gagal jantung adalah kondisi ketika jantung melemah sehingga tidak mampu memompa darah yang cukup ke seluruh tubuh. ', '38.7', 'https://www.alodokter.com/gagal-jantung'),
  ('16', 'Gangguan Kepribadian', 'Gangguan kepribadian adalah salah satu jenis penyakit mental. Kondisi ini menyebabkan penderitanya memiliki pola pikir dan perilaku yang tidak normal dan sulit untuk diubah. ', '0.0', 'https://www.alodokter.com/gangguan-kepribadian'),

  ('17', 'Gondongan', 'Gondongan adalah peradangan kelenjar ludah di bagian samping wajah (parotis) akibat infeksi virus. Kondisi ini ditandai dengan pembengkakan pada sisi wajah di bawah telinga.', '0.0', 'https://www.alodokter.com/gondongan'),

  ('18', 'Kolera', 'Kolera adalah diare yang disebabkan oleh infeksi bakteri Vibrio cholerae. Penyakit ini dapat terjadi pada orang dewasa atau anak-anak.', '84.0', 'https://www.alodokter.com/kolera'),
  ('19', 'Kolesterol Tinggi', 'Kolesterol tinggi adalah kondisi ketika kadar kolesterol di dalam darah melebihi batas normal. Jika dibiarkan, kolesterol yang berlebihan bisa menumpuk di pembuluh darah sehingga meningkatkan risiko terjadinya penyakit.', '7.0', 'https://www.alodokter.com/kolesterol-tinggi'),

  ('20', 'HIV dan AIDS', 'HIV (human immunodeficiency virus) adalah virus yang merusak sistem kekebalan tubuh dengan menginfeksi dan menghancurkan sel CD4.', '67.2', 'https://www.alodokter.com/hiv-aids'),

  ('21', 'Demam', 'Demam adalah meningkatnya suhu tubuh hingga lebih dari 380C. Kondisi ini bisa menandakan adanya penyakit atau kondisi tertentu di dalam tubuh. ', '0.0', 'https://www.alodokter.com/demam'),

  ('22', 'Infeksi Saluran Kemih', 'Infeksi saluran kemih adalah kondisi ketika organ yang termasuk ke dalam sistem kemih mengalami infeksi. Organ tersebut bisa ginjal, ureter, uretra, atau kandung kemih.', '48.7', 'https://www.alodokter.com/infeksi-saluran-kemih'),

  ('23', 'Leukimia', 'Leukemia adalah kanker darah akibat tubuh terlalu banyak memproduksi sel darah putih abnormal. Leukemia dapat terjadi pada orang dewasa dan anak-anak.', '78.9', 'https://www.alodokter.com/leukemia'),

  ('24', 'Kanker Kulit Melanoma', 'Kanker kulit melanoma adalah kanker kulit yang berkembang dari melanosit. Selain di kulit, melanoma juga dapat muncul di mata.', '78.0', 'https://www.alodokter.com/kanker-kulit-melanoma');
}

-- ----------------------------
-- Table structure for `t_tanya_dokter`
-- ----------------------------
DROP TABLE IF EXISTS `t_tanya_dokter`;
CREATE TABLE `t_tanya_dokter` (
  `id_tanyadokter` int(11) NOT NULL AUTO_INCREMENT,
  `id_kendala` int(11) NOT NULL,
  `id_dokter` int(11) NOT NULL,
  `balasan_kendala` varchar(300) NOT NULL,
  PRIMARY KEY (`id_tanyadokter`),
  KEY `baca_kendala` (`id_kendala`),
  KEY `dokter_yg_membalas` (`id_dokter`),
  CONSTRAINT `baca_kendala` FOREIGN KEY (`id_kendala`) REFERENCES `t_kendala` (`id_kendala`),
  CONSTRAINT `dokter_yg_membalas` FOREIGN KEY (`id_dokter`) REFERENCES `t_dokter` (`id_dokter`)
) ENGINE=InnoDB AUTO_INCREMENT=7 DEFAULT CHARSET=utf8mb4 COLLATE=utf8mb4_general_ci;

-- ----------------------------
-- Records of t_tanya_dokter
-- ----------------------------
{
  INSERT INTO `t_tanya_dokter` VALUES 
  ('1', '2', '10', 'Halo irfun, saya Dokter Oliv siap membantumu. Saya sarankan agar kamu tidak mengucek mata dan selalu pakai kacamata saat berkegiatan')
  ('2', '5', '17', 'Hi Coganz, 'don't be afraid dear. Go Healthy will always with you. Go check ur mental health on our website'),
}












-- ----------------------------
-- View structure for `v_jawabkendala`
-- ----------------------------
DROP VIEW IF EXISTS `v_jawabkendala`;
CREATE ALGORITHM=UNDEFINED DEFINER=`root`@`localhost` SQL SECURITY DEFINER VIEW `v_jawabkendala` AS select `db_goodhealth`.`t_kendala`.`nama_user` AS `nama_user`,`db_goodhealth`.`t_kendala`.`kendala_user` AS `kendala_user`,`db_goodhealth`.`t_dokter`.`nama_dokter` AS `nama_dokter`,`db_goodhealth`.`t_jenis_spesialisasi_dokter`.`nama_spesialisasi` AS `nama_spesialisasi`,`db_goodhealth`.`t_dokter`.`foto_dokter` AS `foto_dokter`,`db_goodhealth`.`t_dokter`.`link_dokter` AS `link_dokter`,`db_goodhealth`.`t_tanyadokter`.`jawaban` AS `jawaban` from (((`t_tanyadokter` join `t_kendala` on(`db_goodhealth`.`t_kendala`.`id_kendala` = `db_goodhealth`.`t_tanyadokter`.`pertanyaan`)) join `t_dokter` on(`db_goodhealth`.`t_dokter`.`id_dokter` = `db_goodhealth`.`t_tanyadokter`.`dokter`)) join `t_jenis_spesialisasi_dokter` on(`db_goodhealth`.`t_jenis_spesialisasi_dokter`.`id_jenis_spesialisasi_dokter` = `db_goodhealth`.`t_tanyadokter`.`spesialisasi`));

-- ----------------------------
-- View structure for `v_kendala_privat`
-- ----------------------------
DROP VIEW IF EXISTS `v_kendala_privat`;
CREATE ALGORITHM=UNDEFINED DEFINER=`root`@`localhost` SQL SECURITY DEFINER VIEW `v_kendala_privat` AS select `t_kendala`.`id_kendala` AS `id_kendala`,`t_kendala`.`nama_user` AS `nama_user`,`t_jenis_kelamin`.`kelamin` AS `kelamin`,`t_kendala`.`umur_user` AS `umur_user`,`t_kendala`.`email_user` AS `email_user`,`t_jenis_spesialisasi_dokter`.`nama_spesialisasi` AS `nama_spesialisasi`,`t_jenis_kendala`.`jenis` AS `jenis`,`t_kendala`.`kendala_user` AS `kendala_user` from (((`t_kendala` join `t_jenis_kelamin` on(`t_jenis_kelamin`.`id_kelamin` = `t_kendala`.`id_jenis_kelamin_user`)) join `t_jenis_spesialisasi_dokter` on(`t_jenis_spesialisasi_dokter`.`id_jenis_spesialisasi_dokter` = `t_kendala`.`id_pilih_dokter`)) join `t_jenis_kendala` on(`t_jenis_kendala`.`id_pilihanbalasan` = `t_kendala`.`pilihanbalasan`)) where `t_jenis_kendala`.`jenis` = 'Privat';

-- ----------------------------
-- View structure for `v_kendala_publik`
-- ----------------------------
DROP VIEW IF EXISTS `v_kendala_publik`;
CREATE ALGORITHM=UNDEFINED DEFINER=`root`@`localhost` SQL SECURITY DEFINER VIEW `v_kendala_publik` AS select `t_kendala`.`id_kendala` AS `id_kendala`,`t_kendala`.`nama_user` AS `nama_user`,`t_jenis_kelamin`.`kelamin` AS `kelamin`,`t_kendala`.`umur_user` AS `umur_user`,`t_jenis_spesialisasi_dokter`.`nama_spesialisasi` AS `nama_spesialisasi`,`t_jenis_kendala`.`jenis` AS `jenis`,`t_kendala`.`kendala_user` AS `kendala_user` from (((`t_kendala` join `t_jenis_kelamin` on(`t_jenis_kelamin`.`id_kelamin` = `t_kendala`.`id_jenis_kelamin_user`)) join `t_jenis_spesialisasi_dokter` on(`t_jenis_spesialisasi_dokter`.`id_jenis_spesialisasi_dokter` = `t_kendala`.`id_pilih_dokter`)) join `t_jenis_kendala` on(`t_jenis_kendala`.`id_pilihanbalasan` = `t_kendala`.`pilihanbalasan`)) where `t_jenis_kendala`.`jenis` = 'Publik';

-- ----------------------------
-- View structure for `v_nutrisi`
-- ----------------------------
DROP VIEW IF EXISTS `v_nutrisi`;
CREATE ALGORITHM=UNDEFINED DEFINER=`root`@`localhost` SQL SECURITY DEFINER VIEW `v_nutrisi` AS select `t_nutrisi_makanan`.`asal_nutrisi` AS `asal_nutrisi`,`t_nutrisi_makanan`.`k_karbo` AS `k_karbo`,`t_nutrisi_makanan`.`k_protein` AS `k_protein`,`t_nutrisi_makanan`.`k_lemak` AS `k_lemak`,`t_nutrisi_makanan`.`k_vit` AS `k_vit`,`t_nutrisi_makanan`.`k_kalsium` AS `k_kalsium` from `t_nutrisi_makanan`;

-- ----------------------------
-- View structure for `v_obatpenyakit`
-- ----------------------------
DROP VIEW IF EXISTS `v_obatpenyakit`;
CREATE ALGORITHM=UNDEFINED DEFINER=`root`@`localhost` SQL SECURITY DEFINER VIEW `v_obatpenyakit` AS select `t_obat`.`nama_obat` AS `nama_obat`,`t_obat`.`link_obat` AS `link_obat`,`t_penyakit`.`nama_penyakit` AS `nama_penyakit` from ((`t_obat_penyakit` join `t_obat` on(`t_obat`.`id_obat` = `t_obat_penyakit`.`id_obat`)) join `t_penyakit` on(`t_penyakit`.`id_penyakit` = `t_obat_penyakit`.`id_penyakit`));

-- ----------------------------
-- View structure for `v_penyakit`
-- ----------------------------
DROP VIEW IF EXISTS `v_penyakit`;
CREATE ALGORITHM=UNDEFINED DEFINER=`root`@`localhost` SQL SECURITY DEFINER VIEW `v_penyakit` AS select `t_penyakit`.`nama_penyakit` AS `nama_penyakit`,`t_penyakit`.`ket_penyakit` AS `ket_penyakit`,`t_penyakit`.`resiko_kematian` AS `resiko_kematian`,`t_penyakit`.`link_penyakit` AS `link_penyakit` from `t_penyakit`;
